cpfTrab;nmTrab;sexo;dtNascto;estCiv;grauInstr;nisTrab;matricula;nmCargo;codCBO;dtAdm;tpVinculo;vrSalFx;cnpjEstab;nmLocal;cep;dscLograd;nrLograd;bairro;nmCid;uf;fonePrinc;municipioTrabalho;ufTrabalho
79708939374;EDUARDO ALMEIDA SOARES;M;25/10/1981;Casado;Superior completo;16167001048;006111;Sócio-administrador;121010;03/10/2012;PRO_LABORE;25000,00;15757131000195;Fábrica de Móveis;89271676;Rua das Orquídeas;1168;Centro;São Bento do Sul;SC;(47) 98483-1857;São Bento do Sul;SC
33454346010;SAMUEL FERREIRA;M;25/07/1987;Solteiro;Fundamental completo;10881983767;006112;Serrador de madeira;773120;18/09/2020;CLT;2290,00;15757131000195;Fábrica de Móveis;89292783;Rua da Liberdade;2506;Oxford;São Bento do Sul;SC;(47) 98472-7466;São Bento do Sul;SC
21551836742;LUIZ XAVIER NUNES;M;30/01/1999;Casado;Médio completo;15401111112;006113;Torneiro de madeira;773355;01/05/2023;CLT;3160,00;15757131000195;Fábrica de Móveis;89233041;Rua do Cruzeiro;500;Colonial;São Bento do Sul;SC;(47) 99327-6234;São Bento do Sul;SC
43483480650;DIEGO ARAÚJO;M;17/05/1981;Casado;Médio completo;10909298670;006114;Torneiro de madeira;773355;21/09/2009;CLT;4130,00;15757131000195;Fábrica de Móveis;89287028;Rua do Sol Nascente;2196;Serra Alta;São Bento do Sul;SC;(47) 98235-5313;São Bento do Sul;SC
52905510501;WELLINGTON LOPES ROCHA;M;04/10/1986;Solteiro;Médio completo;10923293149;006115;Montador de móveis;774105;20/06/2026;CLT;2090,00;15757131000195;Fábrica de Móveis;89241221;Rua das Andorinhas;222;Oxford;São Bento do Sul;SC;(47) 99989-1407;São Bento do Sul;SC
54493115246;LUIZ ANDRADE;M;12/12/1992;Solteiro;Fundamental completo;13175153269;006116;Operador de máquinas;862150;;CLT;2350,00;15757131000195;Fábrica de Móveis;89202155;Avenida das Nações;104;Oxford;São Bento do Sul;SC;(47) 98110-1310;São Bento do Sul;SC
94919853106;DANIEL PACHECO MAGALHÃES;M;24/12/1999;Solteiro;Médio completo;16028024205;006117;Assistente administrativo;411010;18/08/2025;CLT;2650,00;15757131000195;Fábrica de Móveis;89294700;Rua das Palmeiras;1934;Colonial;São Bento do Sul;SC;(47) 98478-0755;São Bento do Sul;SC
32130761127;CAMILA CASTRO MIRANDA;F;08/03/1991;Solteira;Médio incompleto;17804144590;006118;Marceneiro;771105;09/02/2021;CLT;2540,00;15757131000195;Fábrica de Móveis;89290903;Rua do Cruzeiro;1182;Centro;São Bento do Sul;SC;(47) 99547-9678;São Bento do Sul;SC
17168787489;DIEGO LOPES;M;01/06/1988;Solteiro;Fundamental completo;10855724382;006119;Torneiro de madeira;773355;03/06/2025;CLT;2670,00;15757131000195;Fábrica de Móveis;89239282;Rua da Esperança;823;Colonial;São Bento do Sul;SC;(47) 99789-5440;São Bento do Sul;SC
38004625592;FRANCISCA QUEIROZ FERREIRA;F;16/07/1990;União estável;Médio incompleto;16182443729;006120;Marceneiro;771105;24/05/2024;CLT;2540,00;15757131000195;Fábrica de Móveis;89252032;Rua dos Cravos;1879;Serra Alta;São Bento do Sul;SC;(47) 98821-8205;São Bento do Sul;SC
05712294508;ANA FARIAS;F;17/11/1989;União estável;Médio completo;13769583092;006121;Embalador;784105;05/03/2025;CLT;1740,00;15757131000195;Fábrica de Móveis;89230189;Rua do Horizonte;1118;Centro;São Bento do Sul;SC;(47) 99060-8696;São Bento do Sul;SC
35567164882;BRUNO NASCIMENTO CAMPOS;M;07/10/1996;Casado;Médio incompleto;11326575386;006122;Operador de máquinas;862150;29/05/2026;CLT;2350,00;15757131000195;Fábrica de Móveis;89283286;Travessa da Paz;1038;Oxford;São Bento do Sul;SC;(47) 99425-4360;São Bento do Sul;SC
35249380514;SANDRA CAVALCANTI BORGES;F;20/02/2001;Divorciada;Médio completo;12999581918;006123;Operador de máquinas;862150;03/07/2026;CLT;3330,00;15757131000195;Fábrica de Móveis;89268405;Travessa da Paz;914;Serra Alta;São Bento do Sul;SC;(47) 98659-8810;São Bento do Sul;SC
65251824254;RENATO GONÇALVES;M;25/06/1977;Casado;Médio completo;12241504264;006124;Marceneiro;771105;08/03/2022;CLT;2850,00;15757131000195;Fábrica de Móveis;89294486;Rua das Andorinhas;2491;Serra Alta;São Bento do Sul;SC;(47) 99375-3590;São Bento do Sul;SC
40968819966;TIAGO FREITAS MOREIRA;M;06/05/1999;Casado;Médio completo;15576252466;006125;Marceneiro;771105;15/04/2025;CLT;2220,00;15757131000195;Fábrica de Móveis;89246407;Travessa da Paz;1738;Centro;São Bento do Sul;SC;(47) 99934-2963;São Bento do Sul;SC
49233895165;MARTA OLIVEIRA MACEDO;F;26/03/2002;União estável;Médio completo;18554795794;006126;Operador de máquinas;862150;17/03/2022;CLT;2350,00;15757131000195;Fábrica de Móveis;89286002;Rua do Horizonte;1976;Oxford;São Bento do Sul;SC;(47) 99535-7159;São Bento do Sul;SC
48047042483;MARTA NUNES;F;25/10/1996;Casada;Fundamental completo;13209773803;006127;Marceneiro;771105;14/08/2024;CLT;2220,00;15757131000195;Fábrica de Móveis;89287385;Travessa da Paz;1598;Rio Negro;São Bento do Sul;SC;(47) 98616-3919;São Bento do Sul;SC
42058354931;CRISTIANE ROCHA;F;27/03/1986;Viúva;Médio completo;12830879230;006128;Operador de máquinas;862150;22/07/2026;CLT;2670,00;15757131000195;Fábrica de Móveis;89209744;Rua do Cruzeiro;739;Colonial;São Bento do Sul;SC;(47) 99370-0749;São Bento do Sul;SC
20707067707;CARLOS RODRIGUES PACHECO;M;19/06/1989;Casado;Médio completo;10600920337;006129;Operador de máquinas;862150;26/02/2014;CLT;2350,00;15757131000195;Fábrica de Móveis;89268112;Rua Três Marias;1944;Oxford;São Bento do Sul;SC;(47) 99695-1360;São Bento do Sul;SC
35233945622;HENRIQUE SIQUEIRA RAMOS;M;18/03/1992;Casado;Médio completo;17020951779;006130;Embalador;784105;09/03/2023;CLT;1630,00;15757131000195;Fábrica de Móveis;89219233;Rua das Palmeiras;542;Colonial;São Bento do Sul;SC;(47) 98587-5565;São Bento do Sul;SC
15132926681;ADRIANA PINTO PAIVA;F;15/12/1982;Casada;Médio completo;11105781364;006131;Marceneiro;771105;25/02/2012;CLT;2220,00;15757131000195;Fábrica de Móveis;89233349;Rua das Violetas;339;Oxford;São Bento do Sul;SC;(47) 99562-9115;São Bento do Sul;SC
06238651148;FLÁVIA NASCIMENTO;F;14/06/1998;Casada;Fundamental completo;13817355764;006132;Montador de móveis;774105;27/08/2025;CLT;2360,00;15757131000195;Fábrica de Móveis;89225699;Rua das Gaivotas;518;Oxford;São Bento do Sul;SC;(47) 98119-6805;São Bento do Sul;SC
30192154559;MÔNICA BARROS SIQUEIRA;F;22/08/1989;União estável;Médio incompleto;19175021778;006133;Marceneiro;771105;12/04/2022;CLT;2220,00;15757131000195;Fábrica de Móveis;89245875;Rua do Comércio;524;Oxford;São Bento do Sul;SC;(47) 99618-3255;São Bento do Sul;SC
81240832826;JULIANA BRITO;F;28/06/1984;Solteira;Médio completo;15983881201;006134;Operador de máquinas;862150;18/10/2006;CLT;2350,00;15757131000195;Fábrica de Móveis;89271078;Rua do Bosque;2800;Rio Negro;São Bento do Sul;SC;(47) 98654-9891;São Bento do Sul;SC
67115614229;LUANA NEVES FARIAS;F;01/11/1986;União estável;Médio incompleto;12823335666;006135;Operador de máquinas;862150;13/04/2023;CLT;3000,00;15757131000195;Fábrica de Móveis;89279069;Rua das Hortênsias;240;Oxford;São Bento do Sul;SC;(47) 99601-6187;São Bento do Sul;SC
39062631690;HUGO PEIXOTO MIRANDA;M;09/11/1983;Casado;Médio completo;16526055585;006136;Marceneiro;771105;27/05/2019;CLT;2220,00;15757131000195;Fábrica de Móveis;89299782;Rua dos Ipês Amarelos;2742;Oxford;São Bento do Sul;SC;(47) 98251-9832;São Bento do Sul;SC
87705838702;SÉRGIO LOPES FERREIRA;M;16/07/1978;Casado;Fundamental completo;14818619745;006137;Marceneiro;771105;14/06/2023;CLT;2540,00;15757131000195;Fábrica de Móveis;89222585;Rua do Sol Nascente;852;Centro;São Bento do Sul;SC;(47) 99247-3884;São Bento do Sul;SC
85096036006;TEREZA FREITAS;F;18/06/1997;União estável;Médio completo;10792697118;006138;Operador de máquinas;862150;01/11/2024;CLT;2350,00;15757131000195;Fábrica de Móveis;89217471;Rua Santa Clara;1276;Rio Negro;São Bento do Sul;SC;(47) 98343-1026;São Bento do Sul;SC
04797170522;GIOVANA SOARES LEITE;F;07/01/1994;União estável;Fundamental completo;10596967799;006139;Serrador de madeira;773120;31/05/2025;CLT;2290,00;15757131000195;Fábrica de Móveis;89236965;Avenida Beira Rio;137;Centro;São Bento do Sul;SC;(47) 99219-2928;São Bento do Sul;SC
81651752621;ALEXANDRE SOUZA BARROS;M;08/05/1996;União estável;Médio incompleto;13630411135;006140;Marceneiro;771105;15/05/2025;CLT;2540,00;15757131000195;Fábrica de Móveis;89217820;Rua Nova;84;Colonial;São Bento do Sul;SC;(47) 99648-5319;São Bento do Sul;SC
78151559365;TIAGO CARVALHO SOUZA;M;07/08/2004;União estável;Médio completo;15638266923;006141;Montador de móveis;774105;09/10/2025;CLT;2360,00;15757131000195;Fábrica de Móveis;89230964;Rua do Cruzeiro;1280;Serra Alta;São Bento do Sul;SC;(47) 99035-3353;São Bento do Sul;SC
77379244345;JOÃO PAIVA BATISTA;M;29/08/1989;Solteiro;Médio completo;15820015163;006142;Operador de máquinas;862150;20/04/2021;CLT;3330,00;15757131000195;Fábrica de Móveis;89260977;Rua da Esperança;1539;Serra Alta;São Bento do Sul;SC;(47) 98601-4001;São Bento do Sul;SC
07243897177;OTÁVIO AGUIAR;M;20/02/1992;União estável;Médio completo;17764110021;006143;Serrador de madeira;773120;15/03/2024;CLT;2290,00;15757131000195;Fábrica de Móveis;89208026;Rua dos Girassóis;1014;Serra Alta;São Bento do Sul;SC;(47) 98717-8515;São Bento do Sul;SC
31991345640;HENRIQUE DIAS COELHO;M;03/03/1997;Casado;Médio completo;10204975563;006144;Marceneiro;771105;20/07/2020;CLT;2850,00;15757131000195;Fábrica de Móveis;89272439;Rua Santa Clara;1583;Rio Negro;São Bento do Sul;SC;(47) 98543-6290;São Bento do Sul;SC
83359855108;FRANCISCO TAVARES ASSIS;M;04/01/1983;Casado;Fundamental completo;10502316749;006145;Embalador;784105;30/04/2024;CLT;1920,00;15757131000195;Fábrica de Móveis;89255147;Rua das Acácias;616;Centro;São Bento do Sul;SC;(47) 99904-7284;São Bento do Sul;SC
60117884677;MATHEUS LOPES;M;06/11/1986;Solteiro;Médio incompleto;12239592840;006146;Marceneiro;771105;21/12/2023;CLT;3160,00;15757131000195;Fábrica de Móveis;89299617;Rua dos Ipês Amarelos;2517;Centro;São Bento do Sul;SC;(47) 99604-8030;São Bento do Sul;SC
54270701331;LETÍCIA ASSIS;F;24/12/2000;Casada;Médio completo;16417797615;006147;Motorista de caminhão;782510;04/04/2025;CLT;3210,00;15757131000195;Fábrica de Móveis;89282305;Avenida Beira Rio;627;Colonial;São Bento do Sul;SC;(47) 99652-2812;São Bento do Sul;SC
18042450621;CAROLINA GOMES NASCIMENTO;F;16/03/1998;Solteira;Superior completo;13821975423;006148;Assistente administrativo;411010;17/12/2021;CLT;3200,00;15757131000195;Fábrica de Móveis;89290723;Rua da Liberdade;306;Centro;São Bento do Sul;SC;(47) 99147-3819;São Bento do Sul;SC
08056546073;CARLOS ARAÚJO PRADO;M;15/02/2003;Solteiro;Fundamental completo;10355816572;006149;Operador de máquinas;862150;25/07/2026;CLT;3000,00;15757131000195;Fábrica de Móveis;89236737;Rua das Acácias;248;Serra Alta;São Bento do Sul;SC;(47) 99750-0773;São Bento do Sul;SC
90304212407;RAFAELA ASSIS;F;12/10/1981;Solteira;Médio completo;11874351524;006150;Montador de móveis;774105;10/03/2021;CLT;2630,00;15757131000195;Fábrica de Móveis;89276757;Rua do Horizonte;720;Centro;São Bento do Sul;SC;(47) 98626-0290;São Bento do Sul;SC
45713008320;SÉRGIO BEZERRA SOARES;M;22/03/1995;Solteiro;Médio completo;10340519783;006151;Montador de móveis;774105;27/10/2024;CLT;2360,00;15757131000195;Fábrica de Móveis;89257339;Rua São Pedro;1530;Centro;São Bento do Sul;SC;(47) 99120-4565;São Bento do Sul;SC
29360118338;LUANA XAVIER FREITAS;F;11/04/1997;Casada;Médio completo;18047664569;006152;Marceneiro;771105;07/12/2022;CLT;2540,00;15757131000195;Fábrica de Móveis;89205762;Rua das Hortênsias;1148;Colonial;São Bento do Sul;SC;(47) 98348-4300;São Bento do Sul;SC
70528445162;SÉRGIO RODRIGUES MIRANDA;M;05/01/2001;Solteiro;Médio incompleto;14205511048;006153;Serrador de madeira;773120;12/01/2025;CLT;2050,00;15757131000195;Fábrica de Móveis;89219439;Rua dos Pinheiros Altos;697;Colonial;São Bento do Sul;SC;(47) 99071-6152;São Bento do Sul;SC
80877739935;TIAGO NASCIMENTO MARQUES;M;22/08/1989;Casado;Médio incompleto;18109714709;006154;Montador de móveis;774105;30/06/2019;CLT;2360,00;15757131000195;Fábrica de Móveis;89280107;Rua São Pedro;1386;Serra Alta;São Bento do Sul;SC;(47) 99033-1262;São Bento do Sul;SC
46503680651;WAGNER LEITE;M;07/10/2002;Solteiro;Médio incompleto;11029141989;006155;Montador de móveis;774105;06/08/2025;CLT;2090,00;15757131000195;Fábrica de Móveis;89204792;Travessa da Paz;2454;Centro;São Bento do Sul;SC;(47) 99525-9916;São Bento do Sul;SC
71940369592;RAFAEL PEIXOTO;M;15/09/1982;Casado;Médio completo;15304272918;006156;Embalador;784105;20/02/2020;CLT;1630,00;15757131000195;Fábrica de Móveis;89266509;Rua dos Pinheiros Altos;1054;Colonial;São Bento do Sul;SC;(47) 99750-8165;São Bento do Sul;SC
54857886707;SIMONE BARROS CASTRO;F;09/05/1991;Divorciada;Médio completo;15484428903;006157;Operador de máquinas;862150;30/06/2024;CLT;2350,00;15757131000195;Fábrica de Móveis;89270129;Travessa da Paz;1915;Centro;São Bento do Sul;SC;(47) 98364-5253;São Bento do Sul;SC
84528382806;MARCOS RODRIGUES;M;21/06/2000;Solteiro;Médio completo;11790851830;006158;Embalador;784105;20/04/2025;CLT;1630,00;15757131000195;Fábrica de Móveis;89286074;Rua do Sol Nascente;594;Oxford;São Bento do Sul;SC;(47) 99716-4540;São Bento do Sul;SC
53668533890;SANDRA FERREIRA RAMOS;F;21/03/1999;Casada;Médio incompleto;10332731925;006159;Operador de máquinas;862150;18/06/2026;CLT;3330,00;15757131000195;Fábrica de Móveis;89218361;Rua dos Cravos;2412;Colonial;São Bento do Sul;SC;(47) 98482-8734;São Bento do Sul;SC
56767302694;BRUNA MIRANDA;F;22/07/1995;União estável;Médio completo;14013280883;006160;Serrador de madeira;773120;25/01/2021;CLT;2050,00;15757131000195;Fábrica de Móveis;89258428;Rua do Mirante;283;Oxford;São Bento do Sul;SC;(47) 98553-7700;São Bento do Sul;SC
42607376602;VITOR PEIXOTO;M;11/07/1972;Divorciado;Médio completo;14931731290;006161;Torneiro de madeira;773355;26/12/2015;CLT;3160,00;15757131000195;Fábrica de Móveis;89234322;Rua São Pedro;328;Rio Negro;São Bento do Sul;SC;(47) 99505-4925;São Bento do Sul;SC
47260302992;ROBERTO NUNES CAVALCANTI;M;27/02/1992;Casado;Médio completo;11869075119;006162;Torneiro de madeira;773355;11/03/2021;CLT;3640,00;15757131000195;Fábrica de Móveis;89276764;Rua das Mangueiras;70;Oxford;São Bento do Sul;SC;(47) 98528-3413;São Bento do Sul;SC
29848545514;PEDRO SOARES SILVA;M;19/06/1977;Divorciado;Médio completo;19587937878;006163;Operador de máquinas;862150;15/11/2020;CLT;3330,00;15757131000195;Fábrica de Móveis;89220234;Rua da Alvorada;2038;Colonial;São Bento do Sul;SC;(47) 98281-6858;São Bento do Sul;SC
72867392047;RENATO PRADO;M;01/10/1998;Casado;Médio incompleto;12381249901;006164;Serrador de madeira;773120;05/09/2024;CLT;2290,00;15757131000195;Fábrica de Móveis;89251104;Avenida Beira Rio;676;Colonial;São Bento do Sul;SC;(47) 98937-9926;São Bento do Sul;SC
78059058355;ELAINE BRITO;F;07/02/1993;Solteira;Fundamental completo;13384876586;006165;Montador de móveis;774105;27/02/2022;CLT;2090,00;15757131000195;Fábrica de Móveis;89224822;Rua do Comércio;334;Rio Negro;São Bento do Sul;SC;(47) 99442-5736;São Bento do Sul;SC
22418174735;FRANCISCO MIRANDA SOUZA;M;22/06/1984;Viúvo;Médio incompleto;13559543199;006166;Serrador de madeira;773120;14/01/2022;CLT;2770,00;15757131000195;Fábrica de Móveis;89251116;Rua dos Ipês Amarelos;1192;Rio Negro;São Bento do Sul;SC;(47) 99671-1808;São Bento do Sul;SC
76365896212;RENATO MARQUES GUIMARÃES;M;18/09/1999;Casado;Médio incompleto;10281602545;006167;Montador de móveis;774105;12/10/2023;CLT;2630,00;15757131000195;Fábrica de Móveis;89219847;Rua da Liberdade;1536;Serra Alta;São Bento do Sul;SC;(47) 99508-4803;São Bento do Sul;SC
31835620817;JORGE FARIAS;M;01/09/1994;Solteiro;Médio completo;13681323172;006168;Montador de móveis;774105;08/03/2024;CLT;2900,00;15757131000195;Fábrica de Móveis;89253440;Travessa da Paz;2427;Colonial;São Bento do Sul;SC;(47) 99511-7257;São Bento do Sul;SC
79358584203;NELSON BATISTA FIGUEIREDO;M;10/10/1985;Casado;Superior completo;15121382377;006169;Gerente administrativo;142105;21/11/2025;CLT;10370,00;15757131000195;Fábrica de Móveis;89209211;Avenida Central;1953;Colonial;São Bento do Sul;SC;(47) 99770-3155;São Bento do Sul;SC
42790827745;KARINA PAIVA FARIAS;F;25/08/1984;Divorciada;Superior completo;11468522988;006170;Assistente administrativo;411010;16/10/2021;CLT;2650,00;15757131000195;Fábrica de Móveis;89222779;Rua da Alvorada;216;Serra Alta;São Bento do Sul;SC;(47) 99457-6886;São Bento do Sul;SC
26425055707;SANDRA PACHECO;F;24/01/1996;Solteira;Médio incompleto;17254869216;006171;Marceneiro;771105;01/02/2022;CLT;2220,00;15757131000195;Fábrica de Móveis;89223125;Rua das Palmeiras;1375;Colonial;São Bento do Sul;SC;(47) 98675-0302;São Bento do Sul;SC
18029239424;WELLINGTON PAIVA MOURA;M;31/10/1978;Solteiro;Médio completo;14518570132;006172;Serrador de madeira;773120;25/06/2009;CLT;2050,00;15757131000195;Fábrica de Móveis;89210672;Travessa da Paz;413;Colonial;São Bento do Sul;SC;(47) 98320-7860;São Bento do Sul;SC
50512770980;KELLY VIEIRA CAMPOS;F;30/07/2000;Casada;Médio completo;16210983518;006173;Montador de móveis;774105;05/02/2024;CLT;2360,00;15757131000195;Fábrica de Móveis;89256697;Rua Três Marias;626;Centro;São Bento do Sul;SC;(47) 98975-7716;São Bento do Sul;SC
23896603205;LUCAS SILVA BARROS;M;21/08/1989;Solteiro;Médio completo;16980711702;006174;Embalador;784105;30/09/2022;CLT;1740,00;15757131000195;Fábrica de Móveis;89215055;Rua Santa Clara;59;Centro;São Bento do Sul;SC;(47) 99919-7722;São Bento do Sul;SC
62557645753;ALINE ANDRADE ALVES;F;21/04/1982;Divorciada;Médio completo;15221741590;006175;Motorista de caminhão;782510;20/02/2024;CLT;3210,00;15757131000195;Fábrica de Móveis;89253964;Rua do Mirante;799;Centro;São Bento do Sul;SC;(47) 99184-4685;São Bento do Sul;SC
20003259633;THIAGO CARDOSO;M;16/04/1992;Casado;Médio completo;14302239647;006176;Serrador de madeira;773120;24/02/2026;CLT;2530,00;15757131000195;Fábrica de Móveis;89280597;Rua do Horizonte;2339;Oxford;São Bento do Sul;SC;(47) 98837-2270;São Bento do Sul;SC
72136645811;IGOR PINTO PRADO;M;28/06/1995;Solteiro;Médio completo;10089126870;006177;Marceneiro;771105;27/08/2023;CLT;2540,00;15757131000195;Fábrica de Móveis;89287368;Travessa da Paz;1812;Colonial;São Bento do Sul;SC;(47) 98104-5780;São Bento do Sul;SC
22161351940;DIEGO ANDRADE;M;29/03/1994;Solteiro;Médio completo;10674707022;006178;Operador de máquinas;862150;10/04/2025;CLT;2350,00;15757131000195;Fábrica de Móveis;89270640;Rua dos Pinheiros Altos;1234;Centro;São Bento do Sul;SC;(47) 99221-0599;São Bento do Sul;SC
21419625365;VINÍCIUS FERNANDES;M;05/12/2000;Casado;Médio incompleto;19179920089;006179;Operador de máquinas;862150;05/11/2021;CLT;2350,00;15757131000195;Fábrica de Móveis;89238179;Avenida Beira Rio;675;Serra Alta;São Bento do Sul;SC;(47) 99969-2147;São Bento do Sul;SC
54087734692;RENATA ALMEIDA DIAS;F;22/03/2004;Solteira;Médio completo;15327778636;006180;Montador de móveis;774105;07/09/2024;CLT;2630,00;15757131000195;Fábrica de Móveis;89225446;Rua das Flores do Campo;1990;Rio Negro;São Bento do Sul;SC;(47) 99601-6307;São Bento do Sul;SC
34816514813;RAFAEL MENDES BORGES;M;03/06/1990;Casado;Médio completo;15609679608;006181;Montador de móveis;774105;29/03/2023;CLT;2630,00;15757131000195;Fábrica de Móveis;89219107;Avenida Central;2098;Oxford;São Bento do Sul;SC;(47) 99519-7850;São Bento do Sul;SC
05848120943;AMANDA PACHECO BRITO;F;25/05/1997;Casada;Médio completo;10680039934;006182;Serrador de madeira;773120;30/07/2024;CLT;2050,00;15757131000195;Fábrica de Móveis;89236710;Rua dos Pinheiros Altos;4;Oxford;São Bento do Sul;SC;(47) 99694-0590;São Bento do Sul;SC
36585202139;PEDRO COSTA MARQUES;M;15/05/1985;Divorciado;Fundamental completo;15426654454;006183;Montador de móveis;774105;28/12/2017;CLT;2360,00;15757131000195;Fábrica de Móveis;89228681;Rua da Esperança;850;Oxford;São Bento do Sul;SC;(47) 99759-8893;São Bento do Sul;SC
14287963040;PEDRO FERREIRA COSTA;M;24/02/1994;Solteiro;Fundamental completo;15676117879;006184;Marceneiro;771105;20/07/2020;CLT;2220,00;15757131000195;Fábrica de Móveis;89290218;Rua das Gaivotas;1963;Serra Alta;São Bento do Sul;SC;(47) 99142-6550;São Bento do Sul;SC
81648718779;ANDRÉ DIAS OLIVEIRA;M;30/08/1999;Casado;Médio completo;12082035094;006185;Montador de móveis;774105;10/11/2018;CLT;2630,00;15757131000195;Fábrica de Móveis;89203098;Rua São Pedro;988;Oxford;São Bento do Sul;SC;(47) 99873-2676;São Bento do Sul;SC
15318711006;VINÍCIUS LIMA BEZERRA;M;18/04/1999;Solteiro;Médio completo;18278574571;006186;Operador de máquinas;862150;02/11/2023;CLT;2350,00;15757131000195;Fábrica de Móveis;89289945;Rua São Pedro;458;Centro;São Bento do Sul;SC;(47) 98944-6789;São Bento do Sul;SC
77306328530;NICOLAS BARBOSA;M;12/07/2001;Solteiro;Fundamental completo;17976893137;006187;Torneiro de madeira;773355;06/10/2025;CLT;3640,00;15757131000195;Fábrica de Móveis;89215201;Rua das Violetas;1681;Rio Negro;São Bento do Sul;SC;(47) 98676-4067;São Bento do Sul;SC
75351571064;VINÍCIUS ALVES LOPES;M;17/07/1978;União estável;Fundamental completo;12936520413;006188;Marceneiro;771105;16/03/2009;CLT;2220,00;15757131000195;Fábrica de Móveis;89272225;Rua dos Girassóis;2074;Colonial;São Bento do Sul;SC;(47) 98119-3920;São Bento do Sul;SC
93746191300;FRANCISCO CARDOSO PINTO;M;05/03/1991;Solteiro;Fundamental completo;18688200199;006189;Montador de móveis;774105;06/02/2016;CLT;2630,00;15757131000195;Fábrica de Móveis;89286011;Rua das Hortênsias;1657;Oxford;São Bento do Sul;SC;(47) 98915-0584;São Bento do Sul;SC
78101339779;PRISCILA MIRANDA;F;29/09/1997;Casada;Médio completo;16402697526;006190;Serrador de madeira;773120;07/07/2021;CLT;2530,00;15757131000195;Fábrica de Móveis;89240569;Rua do Comércio;462;Oxford;São Bento do Sul;SC;(47) 99199-3920;São Bento do Sul;SC
58334604092;GABRIELA SOUZA;F;21/11/1992;Solteira;Pós-graduação;19951129362;006191;Gerente administrativo;142105;06/11/2018;CLT;8350,00;15757131000195;Fábrica de Móveis;89239770;Rua dos Ipês Amarelos;1365;Oxford;São Bento do Sul;SC;(47) 98448-0632;São Bento do Sul;SC
24458316362;MÔNICA ARAÚJO;F;01/09/2000;União estável;Médio completo;17190269923;006192;Torneiro de madeira;773355;22/06/2026;CLT;4130,00;15757131000195;Fábrica de Móveis;89210655;Rua Três Marias;1722;Rio Negro;São Bento do Sul;SC;(47) 99313-4845;São Bento do Sul;SC
23321314690;ROBERTO SILVA;M;25/11/2002;Solteiro;Médio completo;13874379745;006193;Torneiro de madeira;773355;14/10/2023;CLT;3640,00;15757131000195;Fábrica de Móveis;89257169;Rua dos Cravos;353;Centro;São Bento do Sul;SC;(47) 98108-5326;São Bento do Sul;SC
53117787925;TIAGO ALMEIDA;M;15/09/1976;Viúvo;Médio completo;11681086068;006194;Operador de máquinas;862150;17/10/2016;CLT;3330,00;15757131000195;Fábrica de Móveis;89265920;Rua dos Girassóis;1823;Serra Alta;São Bento do Sul;SC;(47) 98315-5996;São Bento do Sul;SC
62478798654;PATRÍCIA BEZERRA SANTOS;F;19/06/1993;Solteira;Médio completo;17517822429;006195;Marceneiro;771105;11/01/2023;CLT;2850,00;15757131000195;Fábrica de Móveis;89226614;Rua das Gaivotas;2005;Serra Alta;São Bento do Sul;SC;(47) 98922-9996;São Bento do Sul;SC
64018737602;MÔNICA PRADO;F;16/10/2003;União estável;Médio completo;16075149722;006196;Marceneiro;771105;01/07/2024;CLT;2220,00;15757131000195;Fábrica de Móveis;89236666;Avenida Central;1306;Centro;São Bento do Sul;SC;(47) 99019-7657;São Bento do Sul;SC
34456976390;NELSON ALMEIDA;M;03/07/1981;Casado;Médio completo;19904189383;006197;Montador de móveis;774105;08/11/2024;CLT;2630,00;15757131000195;Fábrica de Móveis;89249210;Rua Três Marias;1371;Oxford;São Bento do Sul;SC;(47) 98899-5516;São Bento do Sul;SC
37047205772;KAIQUE BEZERRA;M;14/09/1987;Solteiro;Médio completo;12595975418;006198;Marceneiro;771105;17/07/2024;CLT;2540,00;15757131000195;Fábrica de Móveis;89214929;Rua dos Pinheiros Altos;941;Serra Alta;São Bento do Sul;SC;(47) 99624-6966;São Bento do Sul;SC
30588807311;NICOLAS CASTRO;M;09/12/1994;Divorciado;Superior incompleto;12015205513;006199;Assistente administrativo;411010;12/12/2016;CLT;2650,00;15757131000195;Fábrica de Móveis;89263586;Rua Santa Clara;1996;Oxford;São Bento do Sul;SC;(47) 98712-0318;São Bento do Sul;SC
82966283505;DIEGO BEZERRA;M;05/09/1997;União estável;Médio incompleto;10704411943;006200;Montador de móveis;774105;26/08/2025;CLT;2090,00;15757131000195;Fábrica de Móveis;89215874;Rua das Gaivotas;1633;Rio Negro;São Bento do Sul;SC;(47) 99980-6618;São Bento do Sul;SC
42441038990;LUCIANA VIEIRA;F;19/04/1992;Solteira;Médio incompleto;10641324420;006201;Marceneiro;771105;17/08/2024;CLT;2220,00;15757131000195;Fábrica de Móveis;89286381;Rua dos Ipês Amarelos;2353;Serra Alta;São Bento do Sul;SC;(47) 98711-9144;São Bento do Sul;SC
32381980253;JÚLIO RODRIGUES XAVIER;M;25/09/1992;União estável;Fundamental completo;19077794334;006202;Marceneiro;771105;23/02/2024;CLT;2850,00;15757131000195;Fábrica de Móveis;89278596;Avenida das Nações;863;Oxford;São Bento do Sul;SC;(47) 99116-7187;São Bento do Sul;SC
15851813741;EMERSON RAMOS VIANA;M;14/06/1981;União estável;Fundamental completo;19002335048;006203;Serrador de madeira;773120;23/03/2026;CLT;2530,00;15757131000195;Fábrica de Móveis;89299341;Rua da Esperança;75;Colonial;São Bento do Sul;SC;(47) 98656-3425;São Bento do Sul;SC
53303524602;LEONARDO LIMA;M;26/05/2000;Divorciado;Médio incompleto;18053359003;006204;Embalador;784105;11/03/2026;CLT;1630,00;15757131000195;Fábrica de Móveis;89240342;Rua das Hortênsias;1972;Colonial;São Bento do Sul;SC;(47) 99336-1021;São Bento do Sul;SC
18385944427;NELSON PEIXOTO BRITO;M;05/02/2004;União estável;Médio completo;16223872166;006205;Torneiro de madeira;773355;13/02/2024;CLT;2670,00;15757131000195;Fábrica de Móveis;89258870;Avenida das Nações;1136;Colonial;São Bento do Sul;SC;(47) 98508-2198;São Bento do Sul;SC
96110808407;WELLINGTON TAVARES;M;04/11/1979;Casado;Médio completo;17219363035;006206;Torneiro de madeira;773355;02/10/2024;CLT;3160,00;15757131000195;Fábrica de Móveis;89256925;Rua das Andorinhas;1674;Rio Negro;São Bento do Sul;SC;(47) 99276-7537;São Bento do Sul;SC
88832328364;WAGNER QUEIROZ;M;17/07/2003;Solteiro;Médio incompleto;18307549287;006207;Montador de móveis;774105;05/03/2025;CLT;2360,00;15757131000195;Fábrica de Móveis;89235200;Rua da Alvorada;2054;Serra Alta;São Bento do Sul;SC;(47) 99924-4534;São Bento do Sul;SC
23103526911;VINÍCIUS SOARES;M;23/01/1998;União estável;Médio completo;11773199090;006208;Operador de máquinas;862150;08/12/2022;CLT;3000,00;15757131000195;Fábrica de Móveis;89281987;Rua das Gaivotas;1390;Centro;São Bento do Sul;SC;(47) 99471-2227;São Bento do Sul;SC
21294139789;GABRIEL VIEIRA;M;16/12/1997;Casado;Médio completo;16037038422;006209;Embalador;784105;08/12/2018;CLT;1630,00;15757131000195;Fábrica de Móveis;89207206;Rua da Liberdade;934;Centro;São Bento do Sul;SC;(47) 98708-9821;São Bento do Sul;SC
60444317112;KAIQUE BARBOSA ALVES;M;26/07/1982;Solteiro;Médio completo;18471315759;006210;Operador de máquinas;862150;23/08/2014;CLT;3330,00;15757131000195;Fábrica de Móveis;89242802;Rua do Cruzeiro;1266;Colonial;São Bento do Sul;SC;(47) 98562-9894;São Bento do Sul;SC
04284336690;KELLY MOREIRA SIQUEIRA;F;09/09/2000;União estável;Fundamental completo;16897986569;006211;Marceneiro;771105;05/11/2021;CLT;3160,00;15757131000195;Fábrica de Móveis;89252130;Rua do Cruzeiro;507;Colonial;São Bento do Sul;SC;(47) 98608-3810;São Bento do Sul;SC
78903254600;MARIANA CAVALCANTI PACHECO;F;02/11/1992;União estável;Médio completo;17242304176;006212;Serrador de madeira;773120;22/02/2020;CLT;2530,00;15757131000195;Fábrica de Móveis;89290121;Rua das Palmeiras;2050;Serra Alta;São Bento do Sul;SC;(47) 99681-8411;São Bento do Sul;SC
95527861426;PATRÍCIA FREITAS;F;14/06/1991;Casada;Médio incompleto;11043401865;006213;Montador de móveis;774105;10/10/2022;CLT;2360,00;15757131000195;Fábrica de Móveis;89236973;Rua da Alvorada;428;Colonial;São Bento do Sul;SC;(47) 99538-6498;São Bento do Sul;SC
76509438011;GABRIELA CASTRO;F;02/12/2002;Solteira;Médio completo;12039882900;006214;Montador de móveis;774105;21/09/2022;CLT;2900,00;15757131000195;Fábrica de Móveis;89238539;Rua do Horizonte;526;Rio Negro;São Bento do Sul;SC;(47) 99895-7048;São Bento do Sul;SC
76075874895;HENRIQUE PEIXOTO ALVES;M;10/07/1979;Divorciado;Médio completo;14383190282;006215;Marceneiro;771105;25/11/2012;CLT;2850,00;15757131000195;Fábrica de Móveis;89270560;Rua das Hortênsias;875;Oxford;São Bento do Sul;SC;(47) 99214-3745;São Bento do Sul;SC
86320329092;MARIANA MACEDO TAVARES;F;29/08/1983;Viúva;Médio completo;14803284470;006216;Motorista de caminhão;782510;07/07/2025;CLT;3210,00;15757131000195;Fábrica de Móveis;89223999;Rua das Orquídeas;2117;Serra Alta;São Bento do Sul;SC;(47) 99868-6916;São Bento do Sul;SC
25164460556;TATIANE GUIMARÃES;F;06/11/2003;Solteira;Médio completo;13635264852;006217;Marceneiro;771105;21/12/2024;CLT;3160,00;15757131000195;Fábrica de Móveis;89201004;Travessa da Paz;754;Oxford;São Bento do Sul;SC;(47) 99941-5472;São Bento do Sul;SC
65843200655;JOANA FERNANDES ASSIS;F;22/06/2000;Divorciada;Médio completo;13490905754;006218;Marceneiro;771105;16/01/2026;CLT;2850,00;15757131000195;Fábrica de Móveis;89289981;Rua Nova;1627;Colonial;São Bento do Sul;SC;(47) 98288-2961;São Bento do Sul;SC
67139245576;RENATA CASTRO XAVIER;F;30/12/1992;União estável;Fundamental completo;17352330920;006219;Torneiro de madeira;773355;25/04/2023;CLT;2670,00;15757131000195;Fábrica de Móveis;89292445;Travessa da Paz;476;Rio Negro;São Bento do Sul;SC;(47) 98565-1442;São Bento do Sul;SC
