Nome;CPF;Nascimento;Sexo;Cargo;CBO;Admissão;Salário;Tipo;Unidade;Cidade;UF;Telefone
Natália Macedo;521.480.666-33;13/09/1988;F;Sócio-administrador;1210-10;01/05/2015;20.000,00;PRO_LABORE;Fazenda Buriti Alto;Palmas;TO;(63) 98516-6420
Júlio Moreira Tavares;122.555.508-65;30/05/1997;M;Trabalhador agropecuário;6210-05;29/02/2024;1.930,00;CLT;Fazenda Buriti Alto;Palmas;TO;(63) 98714-2708
Beatriz Figueiredo;945.362.272-96;28/12/1984;F;Tratorista;6410-99;06/10/2024;2.410,00;CLT;Fazenda Buriti Alto;Palmas;TO;(63) 98946-1023
Nelson Magalhães Guimarães;352.960.632-44;18/12/1989;M;Trabalhador agropecuário;6210-05;17/08/2017;2.150,00;CLT;Fazenda Buriti Alto;Palmas;TO;(63) 99913-2596
Leonardo Santos Alves;558.810.633-41;29/07/2001;M;Trabalhador agropecuário;6210-05;10/04/2026;2.150,00;CLT;Fazenda Buriti Alto;Palmas;TO;(63) 98722-6671
Sandra Oliveira;791.604.988-03;11/12/1992;F;Trabalhador agropecuário;6210-05;23/09/2025;2.150,00;CLT;Fazenda Buriti Alto;Palmas;TO;(63) 99620-0444
Wagner Monteiro Castro;139.205.421-42;14/10/1989;M;Auxiliar de escritório;4110-05;03/11/2020;2.330,00;CLT;Fazenda Buriti Alto;Palmas;TO;(63) 98848-6912
Lúcia Barros;517.414.250-69;16/07/1992;F;Motorista de caminhão;7825-10;24/01/2020;3.610,00;CLT;Fazenda Buriti Alto;Palmas;TO;(63) 98218-7082
Natália Borges;707.049.879-96;04/11/1996;F;Auxiliar de escritório;4110-05;09/12/2024;2.070,00;CLT;Fazenda Buriti Alto;Palmas;TO;(63) 99295-6535
Priscila Teixeira Miranda;006.757.801-28;09/07/1995;F;Gerente de produção agropecuária;1411-15;13/11/2020;5.530,00;CLT;Fazenda Buriti Alto;Palmas;TO;(63) 98283-7471
Vitor Viana;051.098.342-10;05/06/1990;M;Tratorista;6410-15;07/06/2026;2.410,00;CLT;Fazenda Buriti Alto;Palmas;TO;(63) 99241-6076
Marcos Nunes;266.460.732-44;10/03/1994;M;Trabalhador agropecuário;6210-05;02/04/2015;2.150,00;CLT;Fazenda Buriti Alto;Palmas;TO;(63) 98344-0074
Luiz Assis Ferreira;806.084.682-58;10/06/1988;M;Trabalhador agropecuário;6210-05;21/11/2021;2.150,00;CLT;Fazenda Buriti Alto;Palmas;TO;(63) 99922-6619
Francisca Monteiro;877.168.597-90;11/03/1998;F;Auxiliar de escritório;4110-05;17/09/2023;2.070,00;CLT;Fazenda Buriti Alto;Palmas;TO;(63) 98643-6529
Renato Bezerra;362.504.564-81;03/12/1996;M;Trabalhador agropecuário;6210-05;27/06/2023;2.370,00;CLT;Fazenda Buriti Alto;Palmas;TO;(63) 98657-4288
Cristiane Barros Oliveira;340.650.004-83;22/05/1987;F;Gerente de produção agropecuária;;11/07/2022;8.670,00;CLT;Fazenda Buriti Alto;Palmas;TO;(63) 99386-2032
Gabriel Siqueira Magalhães;700.479.783-09;01/06/2005;M;Gerente de produção agropecuária;1411-15;08/09/2024;5.530,00;CLT;Fazenda Buriti Alto;Palmas;TO;(63) 99593-2537
José Pereira;338.201.274-02;19/01/1996;M;Tratorista;6410-15;22/02/2026;2.740,00;CLT;Fazenda Buriti Alto;Palmas;TO;(63) 98658-5859
Giovana Siqueira;349.357.913-65;27/06/1989;F;Tratorista;6410-15;04/07/2023;3.390,00;CLT;Fazenda Buriti Alto;Palmas;TO;(63) 98394-5129
Luciano Rocha;169.523.649-19;22/12/1992;M;Trabalhador agropecuário;6210-05;23/09/2024;2.600,00;CLT;Fazenda Buriti Alto;Palmas;TO;(63) 99498-1622
Simone Macedo Lopes;000.863.923-01;06/02/1981;F;Motorista de caminhão;7825-10;11/02/2023;4.000,00;CLT;Fazenda Buriti Alto;Palmas;TO;(63) 98798-1481
Karina Tavares Siqueira;028.292.089-78;22/05/1987;F;Trabalhador agropecuário;;04/07/2023;2.370,00;CLT;Fazenda Buriti Alto;Palmas;TO;(63) 98676-4967
Fernando Costa Marques;529.719.592-60;17/01/1972;M;Trabalhador agropecuário;6210-05;15/10/2020;2.600,00;CLT;Fazenda Buriti Alto;Palmas;TO;(63) 99276-3939
