Matrícula;Nome Completo;CPF;Data de Nascimento;Sexo;Estado Civil;Escolaridade;Nome da Mãe;RG;Órgão Emissor;UF do RG;CEP;Endereço;Número;Complemento;Bairro;Cidade;UF;Celular;E-mail Pessoal;CNPJ do Empregador;Código da Unidade;Unidade;Cargo;CBO;Data de Admissão;Vínculo;Salário Bruto;Mês de Referência do Salário;Cidade de Trabalho;UF de Trabalho
007781;Henrique Carvalho Machado;653.214.842-36;02/08/1994;M;Casado;Superior completo;Gabriela Soares Machado;64275656;SSP;PA;66086377;Rua do Horizonte;1840;;Guamá;Belém;PA;(91) 99399-8450;henrique.machado83@correio.example;75.462.679/0001-30;BEL-01;Entreposto do Porto;Sócio-administrador;1210-10;25/09/2020;PRO_LABORE;25.000,00;01/07/2026;Belém;PA
007782;Isabela Tavares Andrade;893.678.055-78;31/07/1984;F;Divorciada;Pós-graduação;Renata Araújo Andrade;40377443;SSP;PA;66008183;Rua Três Marias;403;;Pedreira;Belém;PA;(91) 99805-6741;isabela.andrade47@correio.example;75.462.679/0001-30;BEL-01;Entreposto do Porto;Sócio-administrador;1210-10;18/10/2013;PRO_LABORE;25.000,00;01/07/2026;Belém;PA
007783;Samuel Miranda Rocha;616.267.775-35;01/02/1987;M;Solteiro;Médio completo;Rafaela Santos Rocha;9177010;SSP;PA;66059846;Rua Três Marias;1652;;Pedreira;Belém;PA;(91) 99619-1402;samuel.rocha29@caixapostal.example;75.462.679/0001-30;BEL-01;Entreposto do Porto;Embalador;7841-05;26/11/2018;CLT;1.740,00;01/07/2026;Belém;PA
007784;Mariana Borges Assis;345.969.704-08;04/09/1996;F;Solteira;Médio incompleto;Yasmin Araújo Assis;6902449;SSP;PA;66024153;Rua dos Girassóis;328;;Reduto;Belém;PA;(91) 98492-4480;mariana.assis46@caixapostal.example;75.462.679/0001-30;BEL-01;Entreposto do Porto;Magarefe;8485-20;10/09/2023;CLT;2.510,00;01/07/2026;Belém;PA
007785;José Moreira Santana;138.064.980-32;07/07/2001;M;Casado;Fundamental completo;Natália Martins Santana;56770194;SSP;PA;66074889;Rua dos Pinheiros Altos;1379;Apto 101;Pedreira;Belém;PA;(91) 98552-8337;jose.santana31@caixapostal.example;75.462.679/0001-30;BEL-01;Entreposto do Porto;Embalador;7841-05;29/06/2025;CLT;1.630,00;01/07/2026;Belém;PA
007786;Kelly Aguiar Magalhães;949.039.735-06;11/07/1992;F;Casada;Superior completo;Sandra Almeida Magalhães;90056119;SSP;PA;66092621;Rua das Mangueiras;187;;Umarizal;Belém;PA;(91) 99634-1139;kelly.magalhaes56@caixapostal.example;75.462.679/0001-30;BEL-01;Entreposto do Porto;Gerente administrativo;1421-05;02/02/2020;CLT;8.350,00;01/07/2026;Belém;PA
007787;Daniela Pacheco;351.123.274-05;16/03/1996;F;Divorciada;Médio completo;Carolina Ramos Pacheco;50377134;SSP;PA;66000006;Rua dos Cravos;1745;;Pedreira;Belém;PA;(91) 99197-1772;daniela.pacheco67@meuemail.example;75.462.679/0001-30;BEL-01;Entreposto do Porto;Operador de caldeira;8621-20;07/11/2025;CLT;3.670,00;01/07/2026;Belém;PA
007788;Otávio Xavier;175.476.969-10;20/11/2005;M;Solteiro;Fundamental completo;Tatiane Andrade Xavier;7762114;SSP;PA;66001098;Rua das Violetas;586;Apto 204;Telégrafo;Belém;PA;(91) 99660-1163;otavio.xavier89@caixapostal.example;75.462.679/0001-30;BEL-01;Entreposto do Porto;Embalador;7841-05;26/11/2024;CLT;1.740,00;01/07/2026;Belém;PA
007789;Carlos Bezerra;337.907.646-55;23/10/1999;M;Casado;Fundamental completo;Nayara Aguiar Bezerra;85167514;SSP;PA;66083723;Rua das Palmeiras;2245;;Marco;Belém;PA;(91) 98592-0053;carlos.bezerra76@correio.example;75.462.679/0001-30;BEL-01;Entreposto do Porto;Motorista de caminhão;7825-10;10/08/2025;CLT;3.210,00;01/07/2026;Belém;PA
007790;Carlos Mendes;030.299.327-45;05/02/2005;M;Solteiro;Fundamental completo;Ana Martins Mendes;53969499;SSP;PA;66024028;Rua do Sol Nascente;1515;;Marco;Belém;PA;(91) 99441-3981;carlos.mendes25@correio.example;75.462.679/0001-30;BEL-01;Entreposto do Porto;Embalador;7841-05;12/02/2026;CLT;1.630,00;01/07/2026;Belém;PA
007791;Samuel Bezerra;526.150.323-05;22/03/1990;M;Casado;Médio completo;Cláudia Gomes Bezerra;32777594;SSP;PA;66023560;Rua das Palmeiras;1875;;Telégrafo;Belém;PA;(91) 99585-8927;samuel.bezerra45@meuemail.example;75.462.679/0001-30;BEL-01;Entreposto do Porto;Auxiliar de escritório;4110-05;08/03/2025;CLT;2.840,00;01/07/2026;Belém;PA
007792;Emerson Xavier;311.754.795-94;19/04/2004;M;Solteiro;Médio completo;Cristiane Pereira Xavier;78319052;SSP;PA;66022929;Rua da Esperança;675;;Pedreira;Belém;PA;(91) 98116-8281;emerson.xavier24@correio.example;75.462.679/0001-30;BEL-01;Entreposto do Porto;Motorista de caminhão;7825-10;26/04/2024;CLT;2.820,00;01/07/2026;Belém;PA
007793;Camila Lopes;785.970.401-30;25/05/1977;F;Casada;Superior completo;Yasmin Barros Lopes;35245596;SSP;PA;66011679;Rua dos Ipês Amarelos;2549;;Pedreira;Belém;PA;(91) 98101-2376;camila.lopes6@meuemail.example;75.462.679/0001-30;BEL-01;Entreposto do Porto;Gerente administrativo;1421-05;18/06/2006;CLT;6.340,00;01/07/2026;Belém;PA
007794;Cristiane Correia Batista;250.277.206-02;13/01/2000;F;Casada;Médio incompleto;Olívia Rezende Batista;43402917;SSP;PA;66090936;Rua das Violetas;1560;;Reduto;Belém;PA;(91) 99673-8137;cristiane.batista46@meuemail.example;75.462.679/0001-30;BEL-01;Entreposto do Porto;Auxiliar de escritório;4110-05;04/10/2025;CLT;2.580,00;01/07/2026;Belém;PA
007795;Luciana Pacheco Santos;106.017.907-58;19/02/1992;F;Casada;Médio completo;Gabriela Xavier Santos;25635966;SSP;PA;66009874;Rua das Acácias;681;;Pedreira;Belém;PA;(91) 99815-3977;luciana.santos81@correio.example;75.462.679/0001-30;BEL-01;Entreposto do Porto;Embalador;7841-05;03/01/2026;CLT;1.630,00;01/07/2026;Belém;PA
007796;Leonardo Xavier Souza;628.818.093-91;13/06/1990;M;Solteiro;Médio completo;Nayara Lopes Souza;6293518;SSP;PA;66012817;Rua dos Girassóis;1029;;Guamá;Belém;PA;(91) 98445-1877;leonardo.souza59@caixapostal.example;75.462.679/0001-30;BEL-01;Entreposto do Porto;Magarefe;8485-20;01/12/2013;CLT;2.090,00;01/07/2026;Belém;PA
007797;Thiago Figueiredo;847.783.484-94;01/12/1987;M;Solteiro;Médio incompleto;Jéssica Santana Figueiredo;80567907;SSP;PA;66029131;Rua Três Marias;1215;;Pedreira;Belém;PA;(91) 98170-5152;thiago.figueiredo71@correio.example;75.462.679/0001-30;BEL-01;Entreposto do Porto;Operador de caldeira;8621-20;04/02/2026;CLT;3.240,00;01/07/2026;Belém;PA
007798;Juliana Assis Marques;688.223.693-35;12/07/1995;F;Divorciada;Médio completo;Ana Paiva Marques;2643147;SSP;PA;66086733;Rua da Liberdade;371;;Marco;Belém;PA;(91) 98704-3053;juliana.marques89@meuemail.example;75.462.679/0001-30;BEL-01;Entreposto do Porto;Conferente de carga;4142-15;30/06/2025;CLT;2.640,00;01/07/2026;Belém;PA
007799;Kelly Magalhães;480.625.487-83;19/01/1989;F;Casada;Médio completo;Mônica Guimarães Magalhães;32176682;SSP;PA;66017825;Rua das Andorinhas;1029;Casa 2;Reduto;Belém;PA;(91) 99526-8379;kelly.magalhaes78@meuemail.example;75.462.679/0001-30;BEL-01;Entreposto do Porto;Conferente de carga;4142-15;25/04/2019;CLT;2.380,00;01/07/2026;Belém;PA
007800;Otávio Oliveira;377.263.406-06;30/11/1979;M;Casado;Médio completo;Mônica Machado Oliveira;29663198;SSP;PA;66088419;Rua do Bosque;173;Apto 101;Pedreira;Belém;PA;(91) 98752-2716;otavio.oliveira49@correio.example;75.462.679/0001-30;BEL-01;Entreposto do Porto;Alimentador de linha de produção;7842-05;11/06/2016;CLT;1.880,00;01/07/2026;Belém;PA
007801;Lúcia Brito Farias;002.699.631-62;27/07/1995;F;União estável;Fundamental completo;Gabriela Miranda Farias;61558104;SSP;PA;66031442;Rua das Violetas;2290;;Telégrafo;Belém;PA;(91) 99320-4181;lucia.farias6@caixapostal.example;75.462.679/0001-30;BEL-01;Entreposto do Porto;Operador de caldeira;8621-20;03/01/2020;CLT;2.820,00;01/07/2026;Belém;PA
007802;Igor Coelho Carvalho;854.030.036-22;25/03/1992;M;Solteiro;Médio completo;Sabrina Borges Carvalho;57537332;SSP;PA;66069224;Rua do Comércio;294;;Reduto;Belém;PA;(91) 98220-4940;igor.carvalho21@caixapostal.example;75.462.679/0001-30;BEL-01;Entreposto do Porto;Operador de caldeira;8621-20;18/01/2024;CLT;3.670,00;01/07/2026;Belém;PA
007803;Caio Assis;113.334.787-80;30/01/1989;M;União estável;Médio completo;Bruna Gonçalves Assis;24284299;SSP;PA;66033347;Rua Santa Clara;1531;;Reduto;Belém;PA;(91) 99699-3615;caio.assis81@meuemail.example;75.462.679/0001-30;BEL-01;Entreposto do Porto;Embalador;7841-05;09/09/2024;CLT;2.110,00;01/07/2026;Belém;PA
007804;Henrique Assis Marques;533.518.483-31;08/05/1990;M;União estável;Médio completo;Eduarda Paiva Marques;98867915;SSP;PA;66019300;Rua dos Ipês Amarelos;1175;;Umarizal;Belém;PA;(91) 98265-6850;henrique.marques24@correio.example;75.462.679/0001-30;BEL-01;Entreposto do Porto;Operador de caldeira;8621-20;14/08/2020;CLT;3.670,00;01/07/2026;Belém;PA
007805;Sandra Miranda Paiva;296.470.110-59;06/04/1987;F;Solteira;Médio incompleto;Vanessa Machado Paiva;13119845;SSP;PA;66038788;Rua das Mangueiras;458;;Pedreira;Belém;PA;(91) 98581-9071;sandra.paiva14@caixapostal.example;75.462.679/0001-30;BEL-01;Entreposto do Porto;Embalador;7841-05;20/06/2024;CLT;1.630,00;01/07/2026;Belém;PA
007806;Mônica Queiroz;541.915.985-62;18/01/1983;F;Viúva;Médio completo;Helena Martins Queiroz;94742932;SSP;PA;66069439;Rua das Gaivotas;674;;Telégrafo;Belém;PA;(91) 99496-5842;monica.queiroz19@caixapostal.example;75.462.679/0001-30;BEL-01;Entreposto do Porto;Supervisor de produção;8401-05;21/06/2009;CLT;4.170,00;01/07/2026;Belém;PA
007807;Aline Dias;200.010.687-09;12/07/2001;F;União estável;Fundamental completo;Tereza Magalhães Dias;72558767;SSP;PA;66003412;Rua do Sol Nascente;931;Casa 2;Pedreira;Belém;PA;(91) 98609-2075;aline.dias79@correio.example;75.462.679/0001-30;BEL-01;Entreposto do Porto;Magarefe;8485-20;10/12/2023;CLT;1.880,00;01/07/2026;Belém;PA
007808;Luciano Rezende;684.346.400-90;20/02/1997;M;Solteiro;Médio completo;Helena Pereira Rezende;70038461;SSP;PA;66036928;Rua das Flores do Campo;1200;Fundos;Pedreira;Belém;PA;(91) 99519-9431;luciano.rezende36@caixapostal.example;75.462.679/0001-30;BEL-01;Entreposto do Porto;Operador de caldeira;8621-20;27/02/2022;CLT;2.820,00;01/07/2026;Belém;PA
007809;Isabela Ribeiro;509.406.136-46;10/10/2000;F;Divorciada;Médio completo;Simone Martins Ribeiro;87467856;SSP;PA;66082751;Rua do Mirante;933;;Umarizal;Belém;PA;(91) 98509-3377;isabela.ribeiro8@correio.example;75.462.679/0001-30;BEL-01;Entreposto do Porto;Motorista de caminhão;7825-10;10/10/2025;CLT;2.820,00;01/07/2026;Belém;PA
007810;Emerson Rocha Barbosa;554.318.013-68;23/12/1988;M;Casado;Médio incompleto;Elaine Paiva Barbosa;78843418;SSP;PA;66030165;Avenida das Nações;24;;Pedreira;Belém;PA;(91) 99458-4187;emerson.barbosa35@meuemail.example;75.462.679/0001-30;BEL-01;Entreposto do Porto;Embalador;7841-05;21/09/2024;CLT;1.740,00;01/07/2026;Belém;PA
007811;Eduardo Barros;612.927.305-36;30/08/1988;M;Solteiro;Médio completo;Carolina Prado Barros;23731112;SSP;PA;66037554;Rua dos Ipês Amarelos;247;;Pedreira;Belém;PA;(91) 99402-6441;eduardo.barros88@meuemail.example;75.462.679/0001-30;BEL-01;Entreposto do Porto;Alimentador de linha de produção;7842-05;08/01/2024;CLT;2.110,00;01/07/2026;Belém;PA
007812;Rosana Souza;102.841.368-83;23/11/1996;F;União estável;Médio completo;Rafaela Ferreira Souza;28311670;SSP;PA;66082064;Rua das Mangueiras;615;;Guamá;Belém;PA;(91) 99222-9977;rosana.souza18@meuemail.example;75.462.679/0001-30;BEL-01;Entreposto do Porto;Magarefe;8485-20;13/12/2024;CLT;2.300,00;01/07/2026;Belém;PA
007813;Otávio Silva;735.585.698-73;28/08/1996;M;Casado;Médio completo;Tereza Almeida Silva;88947549;SSP;PA;66067069;Rua dos Cravos;1522;Apto 204;Marco;Belém;PA;(91) 99374-6289;otavio.silva78@meuemail.example;75.462.679/0001-30;BEL-01;Entreposto do Porto;Embalador;7841-05;12/12/2022;CLT;1.740,00;01/07/2026;Belém;PA
007814;Henrique Rocha Santana;543.110.740-26;06/01/1996;M;União estável;Fundamental completo;Helena Bezerra Santana;13489654;SSP;PA;66096444;Rua do Bosque;1107;;Pedreira;Belém;PA;(91) 99815-7944;henrique.santana11@caixapostal.example;75.462.679/0001-30;BEL-01;Entreposto do Porto;Embalador;7841-05;18/10/2018;CLT;1.740,00;01/07/2026;Belém;PA
007815;Lucas Siqueira;096.352.258-22;07/02/2000;M;Solteiro;Médio incompleto;Gabriela Neves Siqueira;31398954;SSP;PA;66080381;Rua da Liberdade;2029;Apto 101;Umarizal;Belém;PA;(91) 98811-9503;lucas.siqueira17@correio.example;75.462.679/0001-30;BEL-01;Entreposto do Porto;Conferente de carga;4142-15;09/04/2026;CLT;2.640,00;01/07/2026;Belém;PA
007816;Amanda Batista;632.010.353-19;26/07/1980;F;Solteira;Médio incompleto;Juliana Gonçalves Batista;75905696;SSP;PA;66019988;Rua dos Cravos;2153;Apto 204;Umarizal;Belém;PA;(91) 99545-8285;amanda.batista13@meuemail.example;75.462.679/0001-30;BEL-01;Entreposto do Porto;Magarefe;8485-20;27/05/2026;CLT;1.880,00;01/07/2026;Belém;PA
007817;Marcos Prado;729.351.956-71;16/12/1988;M;Casado;Fundamental completo;Gabriela Souza Prado;72168423;SSP;PA;66078053;Rua das Orquídeas;491;Apto 204;Telégrafo;Belém;PA;(91) 98660-2826;marcos.prado17@correio.example;75.462.679/0001-30;BEL-01;Entreposto do Porto;Alimentador de linha de produção;7842-05;06/12/2024;CLT;2.110,00;01/07/2026;Belém;PA
007818;Mariana Leite Pinto;509.031.507-86;19/10/1992;F;Solteira;Superior completo;Ana Ferreira Pinto;48611815;SSP;PA;66081131;Rua São Pedro;1580;;Marco;Belém;PA;(91) 98964-8856;mariana.pinto12@caixapostal.example;75.462.679/0001-30;BEL-01;Entreposto do Porto;Assistente administrativo;4110-10;22/05/2019;CLT;2.650,00;01/07/2026;Belém;PA
007819;André Martins Bezerra;157.269.797-02;01/04/1979;M;Casado;Fundamental completo;Rafaela Borges Bezerra;17129827;SSP;PA;66081500;Travessa da Paz;2534;;Pedreira;Belém;PA;(91) 99042-3489;andre.bezerra25@meuemail.example;75.462.679/0001-30;BEL-01;Entreposto do Porto;Alimentador de linha de produção;7842-05;12/06/2013;CLT;2.570,00;01/07/2026;Belém;PA
007820;Marcelo Lima;365.572.870-01;25/05/1999;M;Casado;Médio completo;Priscila Rezende Lima;35237545;SSP;PA;66082481;Rua dos Girassóis;1075;Apto 204;Guamá;Belém;PA;(91) 98250-0706;marcelo.lima93@caixapostal.example;75.462.679/0001-30;BEL-01;Entreposto do Porto;Operador de caldeira;8621-20;16/07/2025;CLT;2.820,00;01/07/2026;Belém;PA
007821;Marcelo Campos Dias;894.427.584-03;09/04/1992;M;União estável;Médio completo;Kelly Siqueira Dias;71220224;SSP;PA;66088961;Rua Três Marias;1495;;Marco;Belém;PA;(91) 99993-6642;marcelo.dias47@correio.example;75.462.679/0001-30;BEL-01;Entreposto do Porto;Embalador;7841-05;27/04/2023;CLT;1.920,00;01/07/2026;Belém;PA
007822;Adriana Machado;416.947.976-94;02/04/1976;F;Divorciada;Médio completo;Fernanda Almeida Machado;27063844;SSP;PA;66093692;Avenida Central;378;Apto 101;Guamá;Belém;PA;(91) 99827-0661;adriana.machado47@caixapostal.example;75.462.679/0001-30;BEL-01;Entreposto do Porto;Motorista de caminhão;7825-10;17/03/2019;CLT;3.210,00;01/07/2026;Belém;PA
007823;Elaine Machado;791.893.059-22;19/02/1994;F;União estável;Médio incompleto;Beatriz Gomes Machado;90856480;SSP;PA;66088698;Rua Três Marias;2220;;Guamá;Belém;PA;(91) 99554-1826;elaine.machado58@correio.example;75.462.679/0001-30;BEL-01;Entreposto do Porto;Conferente de carga;4142-15;18/10/2025;CLT;2.110,00;01/07/2026;Belém;PA
007824;Bruno Xavier;410.256.197-81;03/02/1987;M;Solteiro;Fundamental completo;Eduarda Vieira Xavier;68388181;SSP;PA;66056134;Rua Três Marias;2013;;Guamá;Belém;PA;(91) 99652-3319;bruno.xavier2@meuemail.example;75.462.679/0001-30;BEL-01;Entreposto do Porto;Auxiliar de escritório;4110-05;24/07/2018;CLT;2.580,00;01/07/2026;Belém;PA
007825;Luciana Xavier Paiva;881.141.181-56;19/01/1975;F;Casada;Médio completo;Renata Ramos Paiva;56727619;SSP;PA;66092182;Rua Santa Clara;1187;;Umarizal;Belém;PA;(91) 99787-9685;luciana.paiva59@correio.example;75.462.679/0001-30;BEL-01;Entreposto do Porto;Magarefe;8485-20;07/02/2013;CLT;1.880,00;01/07/2026;Belém;PA
007826;Cristiane Rodrigues Soares;833.710.742-18;27/11/1982;F;Solteira;Fundamental completo;Simone Ribeiro Soares;30114420;SSP;PA;66029404;Rua do Bosque;1666;;Telégrafo;Belém;PA;(91) 98333-8430;cristiane.soares36@caixapostal.example;75.462.679/0001-30;BEL-01;Entreposto do Porto;Embalador;7841-05;07/09/2013;CLT;1.740,00;01/07/2026;Belém;PA
007827;João Santana;699.233.072-12;31/10/1988;M;Solteiro;Fundamental completo;Daniela Prado Santana;40804281;SSP;PA;66063085;Rua Três Marias;858;;Guamá;Belém;PA;(91) 98527-4673;joao.santana78@caixapostal.example;75.462.679/0001-30;BEL-01;Entreposto do Porto;Motorista de caminhão;7825-10;05/10/2024;CLT;4.000,00;01/07/2026;Belém;PA
007828;Leonardo Machado;130.232.864-69;04/02/2000;M;Solteiro;Médio incompleto;Joana Guimarães Machado;76032893;SSP;PA;66059321;Rua da Esperança;465;Fundos;Marco;Belém;PA;(91) 99203-4882;leonardo.machado58@correio.example;75.462.679/0001-30;BEL-01;Entreposto do Porto;Magarefe;8485-20;05/04/2025;CLT;2.090,00;01/07/2026;Belém;PA
007829;Luciana Sales;684.307.610-63;14/09/1972;F;Casada;Médio completo;Fernanda Guimarães Sales;98877397;SSP;PA;66018990;Rua dos Pinheiros Altos;1521;;Marco;Belém;PA;(91) 99267-6784;luciana.sales18@caixapostal.example;75.462.679/0001-30;BEL-01;Entreposto do Porto;Magarefe;8485-20;22/08/2011;CLT;2.300,00;01/07/2026;Belém;PA
007830;Tatiane Xavier Barros;940.387.839-87;09/02/1998;F;União estável;Superior completo;Cláudia Magalhães Barros;70629901;SSP;PA;66084599;Rua do Bosque;359;;Pedreira;Belém;PA;(91) 98190-0339;tatiane.barros43@caixapostal.example;75.462.679/0001-30;BEL-01;Entreposto do Porto;Assistente administrativo;4110-10;31/03/2022;CLT;2.650,00;01/07/2026;Belém;PA
007831;José Barros Almeida;885.729.653-94;01/12/2001;M;Solteiro;Fundamental completo;Aline Monteiro Almeida;95369957;SSP;PA;66005984;Rua da Liberdade;1272;Sala 5;Marco;Belém;PA;(91) 99634-4717;jose.almeida87@correio.example;75.462.679/0001-30;BEL-01;Entreposto do Porto;Alimentador de linha de produção;7842-05;11/02/2026;CLT;1.880,00;01/07/2026;Belém;PA
007832;Gustavo Santos Pereira;878.277.880-92;07/07/1992;M;Solteiro;Superior completo;Priscila Magalhães Pereira;68630430;SSP;PA;66086642;Rua do Sol Nascente;746;Casa A;Telégrafo;Belém;PA;(91) 99201-3953;gustavo.pereira56@caixapostal.example;75.462.679/0001-30;BEL-01;Entreposto do Porto;Assistente administrativo;4110-10;05/07/2024;CLT;2.650,00;01/07/2026;Belém;PA
007833;Giovana Moreira Nunes;145.930.582-52;17/10/1982;F;Casada;Médio completo;Lúcia Oliveira Nunes;28400745;SSP;PA;66067827;Avenida das Nações;2062;;Marco;Belém;PA;(91) 99080-4483;giovana.nunes97@correio.example;75.462.679/0001-30;BEL-01;Entreposto do Porto;Assistente administrativo;4110-10;02/09/2006;CLT;3.200,00;01/07/2026;Belém;PA
007834;Marta Barbosa;193.889.409-03;04/10/1985;F;Solteira;Médio completo;Débora Nunes Barbosa;54586820;SSP;PA;66077790;Rua do Mirante;2156;;Umarizal;Belém;PA;(91) 99722-0024;marta.barbosa38@correio.example;75.462.679/0001-30;BEL-01;Entreposto do Porto;Embalador;7841-05;23/04/2026;CLT;1.920,00;01/07/2026;Belém;PA
007835;Thiago Soares Correia;793.868.665-44;08/09/2002;M;Solteiro;Médio completo;Joana Prado Correia;20227159;SSP;PA;66074758;Rua São Pedro;2553;;Marco;Belém;PA;(91) 98910-7402;thiago.correia69@correio.example;75.462.679/0001-30;BEL-01;Entreposto do Porto;Embalador;7841-05;25/12/2025;CLT;2.110,00;01/07/2026;Belém;PA
007836;Amanda Barbosa Gonçalves;342.446.376-05;07/09/2003;F;Solteira;Médio incompleto;Valéria Aguiar Gonçalves;77235377;SSP;PA;66010921;Rua Santa Clara;1695;Fundos;Telégrafo;Belém;PA;(91) 98932-2781;amanda.goncalves58@caixapostal.example;75.462.679/0001-30;BEL-01;Entreposto do Porto;Auxiliar de escritório;4110-05;10/03/2023;CLT;2.330,00;01/07/2026;Belém;PA
007837;João Barros;520.172.051-09;07/08/1987;M;União estável;Fundamental completo;Cláudia Fernandes Barros;40278515;SSP;PA;66074133;Rua das Andorinhas;1409;;Pedreira;Belém;PA;(91) 98542-6822;joao.barros36@correio.example;75.462.679/0001-30;BEL-01;Entreposto do Porto;Alimentador de linha de produção;7842-05;04/12/2023;CLT;2.110,00;01/07/2026;Belém;PA
007838;Thiago Neves Campos;079.091.120-50;18/02/1984;M;Casado;Médio completo;Amanda Silva Campos;51351641;SSP;PA;66050712;Rua Santa Clara;2174;;Marco;Belém;PA;(91) 99341-5794;thiago.campos26@meuemail.example;75.462.679/0001-30;BEL-01;Entreposto do Porto;Magarefe;8485-20;02/02/2022;CLT;1.880,00;01/07/2026;Belém;PA
007839;Sandra Soares Viana;166.912.502-57;06/09/2001;F;Solteira;Médio completo;Sabrina Macedo Viana;90252754;SSP;PA;66012165;Rua das Acácias;1997;;Umarizal;Belém;PA;(91) 99382-6575;sandra.viana3@caixapostal.example;75.462.679/0001-30;BEL-01;Entreposto do Porto;Magarefe;8485-20;20/12/2023;CLT;1.880,00;01/07/2026;Belém;PA
007840;Francisca Rodrigues Sales;919.332.696-34;21/12/1986;F;Casada;Fundamental completo;Natália Souza Sales;78866645;SSP;PA;66081585;Rua do Mirante;2459;;Reduto;Belém;PA;(91) 99865-9624;francisca.sales17@meuemail.example;75.462.679/0001-30;BEL-01;Entreposto do Porto;Alimentador de linha de produção;7842-05;27/05/2021;CLT;2.570,00;01/07/2026;Belém;PA
007841;Priscila Costa Andrade;452.794.177-18;23/03/1991;F;Casada;Fundamental completo;Luciana Oliveira Andrade;40035606;SSP;PA;66031105;Rua dos Girassóis;1864;Apto 101;Marco;Belém;PA;(91) 98872-5869;priscila.andrade60@correio.example;75.462.679/0001-30;BEL-01;Entreposto do Porto;Magarefe;8485-20;01/01/2024;CLT;2.090,00;01/07/2026;Belém;PA
007842;Renata Pereira;393.386.752-54;26/01/2003;F;Solteira;Médio completo;Luciana Gomes Pereira;84738857;SSP;PA;66026399;Rua da Liberdade;2053;;Marco;Belém;PA;(91) 99651-5055;renata.pereira30@correio.example;75.462.679/0001-30;BEL-01;Entreposto do Porto;Conferente de carga;4142-15;19/10/2025;CLT;2.640,00;01/07/2026;Belém;PA
007843;Bruno Nunes;550.651.998-25;25/10/1996;M;União estável;Médio incompleto;Amanda Santana Nunes;80892550;SSP;PA;66079217;Rua dos Cravos;1441;;Reduto;Belém;PA;(91) 99588-1428;bruno.nunes22@correio.example;75.462.679/0001-30;BEL-01;Entreposto do Porto;Alimentador de linha de produção;7842-05;07/10/2025;CLT;1.880,00;01/07/2026;Belém;PA
007844;Francisco Borges;882.715.724-74;28/12/1992;M;União estável;Fundamental completo;Valéria Andrade Borges;68221427;SSP;PA;66026423;Rua Santa Clara;1431;;Telégrafo;Belém;PA;(91) 98854-6866;francisco.borges52@correio.example;75.462.679/0001-30;BEL-01;Entreposto do Porto;Alimentador de linha de produção;7842-05;12/06/2024;CLT;1.880,00;01/07/2026;Belém;PA
007845;Olívia Brito;350.455.815-62;26/07/1994;F;Solteira;Médio completo;Rosana Barros Brito;44621220;SSP;PA;66014393;Rua dos Pinheiros Altos;2492;Bloco B;Umarizal;Belém;PA;(91) 99766-2616;olivia.brito98@meuemail.example;75.462.679/0001-30;BEL-01;Entreposto do Porto;Faxineiro;5143-20;04/12/2025;CLT;1.910,00;01/07/2026;Belém;PA
007846;Tiago Mendes;374.771.457-91;18/01/1990;M;Casado;Fundamental completo;Beatriz Assis Mendes;28049829;SSP;PA;66085010;Rua Santa Clara;496;;Guamá;Belém;PA;(91) 98727-8936;tiago.mendes97@meuemail.example;75.462.679/0001-30;BEL-01;Entreposto do Porto;Embalador;7841-99;05/04/2022;CLT;2.110,00;01/07/2026;Belém;PA
007847;Fernanda Ramos;065.622.310-35;21/04/1983;F;Solteira;Médio incompleto;Natália Borges Ramos;5754780;SSP;PA;66002628;Rua da Esperança;54;;Guamá;Belém;PA;(91) 98975-3810;fernanda.ramos84@caixapostal.example;75.462.679/0001-30;BEL-01;Entreposto do Porto;Alimentador de linha de produção;7842-05;01/05/2024;CLT;1.880,00;01/07/2026;Belém;PA
007848;Carlos Bezerra Araújo;116.121.370-83;25/03/1971;M;Solteiro;Médio incompleto;Marta Correia Araújo;78151264;SSP;PA;66088345;Rua das Flores do Campo;440;Apto 101;Guamá;Belém;PA;(91) 99270-0159;carlos.araujo80@meuemail.example;75.462.679/0001-30;BEL-01;Entreposto do Porto;Magarefe;8485-20;21/05/2014;CLT;2.300,00;01/07/2026;Belém;PA
007849;Isabela Magalhães;603.520.192-04;14/05/1995;F;União estável;Superior incompleto;Vanessa Lima Magalhães;89213033;SSP;PA;66034801;Rua das Hortênsias;1984;;Pedreira;Belém;PA;(91) 99390-7706;isabela.magalhaes33@correio.example;75.462.679/0001-30;BEL-01;Entreposto do Porto;Supervisor de produção;8401-05;02/03/2021;CLT;6.100,00;01/07/2026;Belém;PA
007850;Larissa Nunes Lopes;088.685.447-41;25/10/1999;F;Casada;Médio completo;Simone Macedo Lopes;13248330;SSP;PA;66048936;Rua do Mirante;1689;;Pedreira;Belém;PA;(91) 98397-9834;larissa.lopes34@meuemail.example;75.462.679/0001-30;BEL-01;Entreposto do Porto;Embalador;7841-05;09/08/2022;CLT;1.630,00;01/07/2026;Belém;PA
007851;Fernanda Vieira Campos;630.710.661-12;19/04/2000;F;Solteira;Médio completo;Giovana Aguiar Campos;51637742;SSP;PA;66001470;Rua das Andorinhas;798;;Marco;Belém;PA;(91) 99500-0909;fernanda.campos91@caixapostal.example;75.462.679/0001-30;BEL-01;Entreposto do Porto;Alimentador de linha de produção;7842-05;27/06/2024;CLT;1.880,00;01/07/2026;Belém;PA
007852;Bruno Queiroz;954.332.814-50;28/06/1995;M;Casado;Médio incompleto;Ana Fernandes Queiroz;52897059;SSP;PA;66011183;Rua da Esperança;1133;;Guamá;Belém;PA;(91) 98913-8365;bruno.queiroz38@correio.example;75.462.679/0001-30;BEL-01;Entreposto do Porto;Auxiliar de escritório;4110-05;30/07/2025;CLT;2.580,00;01/07/2026;Belém;PA
007853;Tatiane Pereira Freitas;047.720.047-85;22/01/1998;F;Solteira;Fundamental completo;Olívia Teixeira Freitas;63365318;SSP;PA;66008951;Rua Santa Clara;1479;Fundos;Umarizal;Belém;PA;(91) 98367-8359;tatiane.freitas5@meuemail.example;75.462.679/0001-30;BEL-01;Entreposto do Porto;Operador de caldeira;8621-20;22/01/2021;CLT;3.240,00;01/07/2026;Belém;PA
007854;Diego Oliveira;220.930.430-09;19/01/1993;M;Solteiro;Médio completo;Eduarda Vieira Oliveira;52058200;SSP;PA;66000886;Rua das Palmeiras;2041;;Guamá;Belém;PA;(91) 99394-7218;diego.oliveira19@meuemail.example;75.462.679/0001-30;BEL-01;Entreposto do Porto;Magarefe;8485-20;29/12/2024;CLT;1.880,00;01/07/2026;Belém;PA
007855;André Neves;871.036.970-86;01/02/1985;M;Casado;Fundamental completo;Isabela Peixoto Neves;2827378;SSP;PA;66095162;Rua dos Ipês Amarelos;2032;;Marco;Belém;PA;(91) 98589-8612;andre.neves12@meuemail.example;75.462.679/0001-30;BEL-01;Entreposto do Porto;Auxiliar de escritório;4110-05;09/05/2016;CLT;2.330,00;01/07/2026;Belém;PA
007856;Beatriz Figueiredo;142.860.749-86;14/11/1982;F;Casada;Fundamental completo;Rosana Neves Figueiredo;90571564;SSP;PA;66059517;Rua das Palmeiras;333;;Guamá;Belém;PA;(91) 99501-6040;beatriz.figueiredo58@meuemail.example;75.462.679/0001-30;BEL-01;Entreposto do Porto;Magarefe;8485-20;18/10/2018;CLT;2.090,00;01/07/2026;Belém;PA
007857;Marcos Pereira Correia;449.026.180-28;07/12/1997;M;Casado;Médio completo;Jéssica Castro Correia;61414805;SSP;PA;66093912;Avenida Central;2587;Fundos;Marco;Belém;PA;(91) 98159-0183;marcos.correia53@meuemail.example;75.462.679/0001-30;BEL-01;Entreposto do Porto;Alimentador de linha de produção;7842-05;11/11/2025;CLT;1.880,00;01/07/2026;Belém;PA
007858;Cláudia Soares Rodrigues;084.142.968-58;09/09/2005;F;Solteira;Médio completo;Valéria Martins Rodrigues;4150620;SSP;PA;66038367;Rua do Cruzeiro;1727;;Guamá;Belém;PA;(91) 99010-4539;claudia.rodrigues40@caixapostal.example;75.462.679/0001-30;BEL-01;Entreposto do Porto;Embalador;7841-05;26/02/2026;CLT;1.740,00;01/07/2026;Belém;PA
007859;Felipe Batista;693.407.042-90;29/09/1993;M;Casado;Fundamental completo;Elaine Castro Batista;28968691;SSP;PA;66027644;Avenida Central;164;Apto 204;Pedreira;Belém;PA;(91) 98764-2433;felipe.batista27@correio.example;75.462.679/0001-30;BEL-01;Entreposto do Porto;Embalador;7841-05;09/05/2026;CLT;1.630,00;01/07/2026;Belém;PA
007860;Natália Gomes;832.210.534-79;25/01/1976;F;Casada;Médio completo;Natália Lopes Gomes;64010915;SSP;PA;66013641;Avenida Central;297;;Telégrafo;Belém;PA;(91) 98557-7670;natalia.gomes10@meuemail.example;75.462.679/0001-30;BEL-01;Entreposto do Porto;Alimentador de linha de produção;7842-05;20/12/2016;CLT;2.110,00;01/07/2026;Belém;PA
007861;Vinícius Bezerra Barros;021.132.219-93;22/06/1972;M;Divorciado;Médio completo;Valéria Macedo Barros;31481647;SSP;PA;66028271;Travessa da Paz;1270;Sala 5;Telégrafo;Belém;PA;(91) 98462-5211;vinicius.barros81@caixapostal.example;75.462.679/0001-30;BEL-01;Entreposto do Porto;Magarefe;8485-20;15/08/2010;CLT;1.880,00;01/07/2026;Belém;PA
007862;Yasmin Silva Freitas;125.873.504-09;22/06/1998;F;Casada;Médio incompleto;Flávia Magalhães Freitas;45139099;SSP;PA;66025185;Avenida Central;2782;;Reduto;Belém;PA;(91) 99570-6020;yasmin.freitas39@meuemail.example;75.462.679/0001-30;BEL-01;Entreposto do Porto;Alimentador de linha de produção;7842-05;08/05/2019;CLT;2.570,00;01/07/2026;Belém;PA
007863;Cláudia Gomes;634.436.482-31;24/11/1990;F;Casada;Fundamental completo;Ana Cardoso Gomes;55907433;SSP;PA;66065854;Rua do Sol Nascente;1810;Sala 5;Reduto;Belém;PA;(91) 99000-0434;claudia.gomes65@correio.example;75.462.679/0001-30;BEL-01;Entreposto do Porto;Magarefe;8485-20;13/12/2023;CLT;1.880,00;01/07/2026;Belém;PA
007864;Camila Campos;863.250.034-11;26/05/1992;F;Casada;Fundamental completo;Amanda Aguiar Campos;28308694;SSP;PA;66003020;Rua do Bosque;2613;;Pedreira;Belém;PA;(91) 99412-0920;camila.campos37@correio.example;75.462.679/0001-30;BEL-01;Entreposto do Porto;Alimentador de linha de produção;7842-05;01/12/2019;CLT;1.880,00;01/07/2026;Belém;PA
007865;Isabela Fernandes Oliveira;937.005.552-53;15/08/1967;F;Solteira;Fundamental completo;Francisca Magalhães Oliveira;50366776;SSP;PA;66009230;Rua da Liberdade;1054;;Umarizal;Belém;PA;(91) 98134-7574;isabela.oliveira33@caixapostal.example;75.462.679/0001-30;BEL-01;Entreposto do Porto;Magarefe;8485-20;09/06/2011;CLT;1.880,00;01/07/2026;Belém;PA
007866;Joana Gonçalves;173.250.768-60;19/03/1996;F;União estável;Superior incompleto;Letícia Monteiro Gonçalves;4839158;SSP;PA;66055169;Rua São Pedro;669;Bloco B;Telégrafo;Belém;PA;(91) 99845-0088;joana.goncalves23@meuemail.example;75.462.679/0001-30;BEL-01;Entreposto do Porto;Assistente administrativo;4110-10;30/07/2024;CLT;2.650,00;01/07/2026;Belém;PA
007867;Vanessa Macedo Santana;366.587.897-70;13/08/1993;F;Casada;Médio completo;Rosana Costa Santana;51770996;SSP;PA;66088946;Rua das Mangueiras;1898;;Guamá;Belém;PA;(91) 98470-9819;vanessa.santana11@meuemail.example;75.462.679/0001-30;BEL-01;Entreposto do Porto;Operador de caldeira;8621-20;31/10/2025;CLT;3.670,00;01/07/2026;Belém;PA
007868;Simone Oliveira Teixeira;357.006.485-98;02/11/1999;F;Solteira;Médio completo;Gabriela Ferreira Teixeira;98405330;SSP;PA;66098819;Rua das Hortênsias;1782;;Guamá;Belém;PA;(91) 99733-9957;simone.teixeira25@meuemail.example;75.462.679/0001-30;BEL-01;Entreposto do Porto;Alimentador de linha de produção;7842-05;21/04/2022;CLT;2.340,00;01/07/2026;Belém;PA
007869;José Ferreira;823.556.572-20;26/03/1990;M;Casado;Médio incompleto;Fernanda Moreira Ferreira;17804650;SSP;PA;66044442;Rua das Andorinhas;136;;Umarizal;Belém;PA;(91) 99445-5522;jose.ferreira75@correio.example;75.462.679/0001-30;BEL-01;Entreposto do Porto;Alimentador de linha de produção;7842-05;05/08/2015;CLT;1.880,00;01/07/2026;Belém;PA
007870;Gustavo Lima;849.673.180-45;16/05/1996;M;Casado;Fundamental completo;Adriana Borges Lima;50120130;SSP;PA;66077188;Rua das Acácias;2364;;Pedreira;Belém;PA;(91) 98235-5078;gustavo.lima33@caixapostal.example;75.462.679/0001-30;BEL-01;Entreposto do Porto;Auxiliar de escritório;4110-05;02/01/2024;CLT;2.330,00;01/07/2026;Belém;PA
007871;Diego Rezende;117.682.175-05;04/03/2006;M;União estável;Médio incompleto;Rosana Souza Rezende;66667173;SSP;PA;66072098;Rua dos Girassóis;1762;Casa 2;Reduto;Belém;PA;(91) 99013-5067;diego.rezende96@meuemail.example;75.462.679/0001-30;BEL-01;Entreposto do Porto;Magarefe;8485-20;29/04/2026;CLT;2.300,00;01/07/2026;Belém;PA
007872;Vanessa Leite;038.587.392-19;28/08/2004;F;Solteira;Médio completo;Nayara Vieira Leite;57414549;SSP;PA;66030568;Rua das Mangueiras;1572;;Reduto;Belém;PA;(91) 98512-4878;vanessa.leite40@caixapostal.example;75.462.679/0001-30;BEL-01;Entreposto do Porto;Alimentador de linha de produção;7842-05;29/04/2026;CLT;2.570,00;01/07/2026;Belém;PA
007873;Ana Bezerra;532.406.860-82;07/01/1989;F;Solteira;Médio completo;Cristiane Souza Bezerra;4984631;SSP;PA;66014668;Rua Santa Clara;2558;Fundos;Reduto;Belém;PA;(91) 99293-7588;ana.bezerra35@meuemail.example;75.462.679/0001-30;BEL-01;Entreposto do Porto;Magarefe;8485-20;10/04/2026;CLT;1.880,00;01/07/2026;Belém;PA
007874;Larissa Monteiro;764.308.445-95;29/03/1990;F;União estável;Fundamental completo;Lúcia Guimarães Monteiro;31072279;SSP;PA;66018186;Rua do Bosque;2700;Casa A;Marco;Belém;PA;(91) 98720-6133;larissa.monteiro97@meuemail.example;75.462.679/0001-30;BEL-01;Entreposto do Porto;Magarefe;8485-20;11/06/2018;CLT;1.880,00;01/07/2026;Belém;PA
007875;Fernando Santos;781.402.117-02;21/10/1988;M;União estável;Médio completo;Rosana Vieira Santos;74759427;SSP;PA;66044262;Rua do Mirante;2185;;Guamá;Belém;PA;(91) 98252-5568;fernando.santos75@correio.example;75.462.679/0001-30;BEL-01;Entreposto do Porto;Embalador;7841-05;02/05/2016;CLT;1.740,00;01/07/2026;Belém;PA
007876;José Rezende;575.079.108-49;04/04/1986;M;Solteiro;Fundamental completo;Ana Rezende Rezende;82162859;SSP;PA;66070080;Rua do Sol Nascente;1166;;Umarizal;Belém;PA;(91) 98781-4349;jose.rezende26@meuemail.example;75.462.679/0001-30;BEL-01;Entreposto do Porto;Faxineiro;5143-20;07/09/2013;CLT;1.910,00;01/07/2026;Belém;PA
007877;Tiago Gonçalves;971.235.287-00;03/10/1994;M;Casado;Fundamental completo;Sabrina Lopes Gonçalves;62996627;SSP;PA;66035859;Rua da Esperança;2778;Fundos;Telégrafo;Belém;PA;(91) 98615-4765;tiago.goncalves17@caixapostal.example;75.462.679/0001-30;BEL-01;Entreposto do Porto;Embalador;7841-05;24/06/2023;CLT;1.920,00;01/07/2026;Belém;PA
007878;Vitor Monteiro;664.579.500-94;08/03/1995;M;Solteiro;Fundamental completo;Olívia Dias Monteiro;94479349;SSP;PA;66075013;Rua Três Marias;1490;;Telégrafo;Belém;PA;(91) 98614-3965;vitor.monteiro18@meuemail.example;75.462.679/0001-30;BEL-01;Entreposto do Porto;Operador de caldeira;8621-20;25/06/2021;CLT;2.820,00;01/07/2026;Belém;PA
007879;João Machado Ribeiro;837.735.132-32;26/10/1984;M;Casado;Médio completo;Luana Correia Ribeiro;82136051;SSP;PA;66046320;Avenida Beira Rio;2250;;Guamá;Belém;PA;(91) 99589-8326;joao.ribeiro26@correio.example;75.462.679/0001-30;BEL-01;Entreposto do Porto;Embalador;7841-05;10/07/2021;CLT;1.630,00;01/07/2026;Belém;PA
007880;Bruna Farias;762.743.624-95;14/09/1981;F;Casada;Médio incompleto;Rafaela Ramos Farias;52347612;SSP;PA;66009911;Rua do Sol Nascente;1167;;Reduto;Belém;PA;(91) 98991-1837;bruna.farias59@meuemail.example;75.462.679/0001-30;BEL-01;Entreposto do Porto;Magarefe;8485-20;08/06/2023;CLT;2.510,00;01/07/2026;Belém;PA
007881;Wagner Leite;230.203.530-50;27/08/2005;M;Solteiro;Médio completo;Joana Siqueira Leite;57924034;SSP;PA;66044714;Rua do Cruzeiro;783;;Guamá;Belém;PA;(91) 99073-6468;wagner.leite46@meuemail.example;75.462.679/0001-30;BEL-01;Entreposto do Porto;Embalador;7841-05;23/08/2025;CLT;1.740,00;01/07/2026;Belém;PA
007882;Cristiane Cavalcanti;358.272.085-31;02/01/1993;F;Solteira;Médio completo;Sandra Oliveira Cavalcanti;12153389;SSP;PA;66054355;Avenida das Nações;2211;Fundos;Telégrafo;Belém;PA;(91) 98518-4698;cristiane.cavalcanti75@meuemail.example;75.462.679/0001-30;BEL-01;Entreposto do Porto;Supervisor de produção;8401-05;24/09/2024;CLT;4.170,00;01/07/2026;Belém;PA
007883;Samuel Viana;550.194.521-57;02/04/1999;M;Casado;Superior completo;Beatriz Gomes Viana;49885417;SSP;PA;66043845;Rua das Palmeiras;2714;;Reduto;Belém;PA;(91) 99992-1105;samuel.viana53@caixapostal.example;75.462.679/0001-30;BEL-01;Entreposto do Porto;Supervisor de produção;8401-05;28/11/2025;CLT;7.060,00;01/07/2026;Belém;PA
007884;Flávia Cavalcanti Carvalho;433.272.917-05;18/03/1991;F;União estável;Médio incompleto;Luana Siqueira Carvalho;47234685;SSP;PA;66095724;Rua dos Girassóis;2152;;Telégrafo;Belém;PA;(91) 98465-6432;flavia.carvalho71@meuemail.example;75.462.679/0001-30;BEL-01;Entreposto do Porto;Embalador;7841-05;12/01/2026;CLT;1.920,00;01/07/2026;Belém;PA
007885;Francisca Souza Pinto;101.634.983-18;03/12/1990;F;Solteira;Médio completo;Elaine Monteiro Pinto;30464256;SSP;PA;66050536;Rua Santa Clara;89;;Reduto;Belém;PA;(91) 98288-8875;francisca.pinto18@caixapostal.example;75.462.679/0001-30;BEL-01;Entreposto do Porto;Assistente administrativo;4110-10;20/12/2020;CLT;3.200,00;01/07/2026;Belém;PA
007886;Tatiane Prado;196.192.257-67;13/12/1987;F;Solteira;Médio incompleto;Bruna Gonçalves Prado;51371762;SSP;PA;66098325;Rua das Hortênsias;436;;Reduto;Belém;PA;(91) 99003-0534;tatiane.prado46@meuemail.example;75.462.679/0001-30;BEL-01;Entreposto do Porto;Alimentador de linha de produção;7842-05;07/09/2022;CLT;2.110,00;01/07/2026;Belém;PA
007887;Luciana Soares Costa;890.709.095-53;30/06/1990;F;Solteira;Médio completo;Sandra Araújo Costa;68461680;SSP;PA;66046510;Rua do Cruzeiro;983;;Reduto;Belém;PA;(91) 99390-4832;luciana.costa41@meuemail.example;75.462.679/0001-30;BEL-01;Entreposto do Porto;Faxineiro;5143-20;11/01/2018;CLT;1.910,00;01/07/2026;Belém;PA
007888;Sérgio Pereira Soares;879.802.409-44;23/04/1988;M;Casado;Médio incompleto;Helena Araújo Soares;1512620;SSP;PA;66000811;Avenida Central;980;;Guamá;Belém;PA;(91) 99591-6461;sergio.soares61@meuemail.example;75.462.679/0001-30;BEL-01;Entreposto do Porto;Operador de caldeira;8621-20;10/02/2026;CLT;4.100,00;01/07/2026;Belém;PA
007889;Kaique Moreira Aguiar;855.592.604-10;04/12/1991;M;Divorciado;Fundamental completo;Beatriz Xavier Aguiar;95124202;SSP;PA;66076359;Rua das Mangueiras;377;Bloco B;Pedreira;Belém;PA;(91) 99345-5328;kaique.aguiar30@meuemail.example;75.462.679/0001-30;BEL-01;Entreposto do Porto;Motorista de caminhão;7825-10;03/02/2018;CLT;2.820,00;01/07/2026;Belém;PA
007890;Pedro Neves;411.649.993-54;25/08/1997;M;Solteiro;Fundamental completo;Vanessa Neves Neves;96689897;SSP;PA;66068590;Rua das Hortênsias;337;;Guamá;Belém;PA;(91) 99846-5993;pedro.neves43@caixapostal.example;75.462.679/0001-30;BEL-01;Entreposto do Porto;Auxiliar de escritório;4110-05;14/12/2022;CLT;2.330,00;01/07/2026;Belém;PA
007891;Eduarda Nascimento Xavier;432.482.724-90;20/11/1995;F;Solteira;Médio completo;Débora Sales Xavier;49177705;SSP;PA;66039597;Rua dos Cravos;426;Casa 2;Pedreira;Belém;PA;(91) 99802-4245;eduarda.xavier53@meuemail.example;75.462.679/0001-30;BEL-01;Entreposto do Porto;Alimentador de linha de produção;7842-05;26/01/2024;CLT;1.880,00;01/07/2026;Belém;PA
007892;Tiago Monteiro;367.304.650-00;09/04/1983;M;União estável;Fundamental completo;Marta Farias Monteiro;4676925;SSP;PA;66023290;Rua do Horizonte;1322;;Telégrafo;Belém;PA;(91) 98256-1723;tiago.monteiro16@caixapostal.example;75.462.679/0001-30;BEL-01;Entreposto do Porto;Embalador;7841-05;09/08/2021;CLT;1.740,00;01/07/2026;Belém;PA
007893;Felipe Oliveira;638.806.846-42;18/12/1982;M;União estável;Médio completo;Amanda Tavares Oliveira;45548100;SSP;PA;66062018;Rua do Comércio;496;Casa A;Telégrafo;Belém;PA;(91) 98783-7289;felipe.oliveira52@correio.example;75.462.679/0001-30;BEL-01;Entreposto do Porto;Conferente de carga;4142-15;25/06/2016;CLT;2.380,00;01/07/2026;Belém;PA
007894;Nayara Santos;452.465.881-57;30/08/1983;F;Casada;Médio completo;Sandra Silva Santos;2825313;SSP;PA;66097469;Rua São Pedro;2153;Apto 204;Marco;Belém;PA;(91) 99486-6611;nayara.santos53@caixapostal.example;75.462.679/0001-30;BEL-01;Entreposto do Porto;Embalador;7841-05;06/09/2025;CLT;1.740,00;01/07/2026;Belém;PA
007895;Lúcia Batista Santos;022.004.589-59;06/03/1988;F;Solteira;Médio completo;Luciana Almeida Santos;26812845;SSP;PA;66037409;Rua das Hortênsias;2321;;Reduto;Belém;PA;(91) 98412-9546;lucia.santos97@caixapostal.example;75.462.679/0001-30;BEL-01;Entreposto do Porto;Alimentador de linha de produção;7842-05;09/05/2017;CLT;2.110,00;01/07/2026;Belém;PA
007896;Lucas Brito Brito;960.714.832-04;01/11/1977;M;União estável;Médio completo;Luana Gomes Brito;28543641;SSP;PA;66050736;Rua dos Girassóis;493;Bloco B;Guamá;Belém;PA;(91) 98512-9106;lucas.brito88@caixapostal.example;75.462.679/0001-30;BEL-01;Entreposto do Porto;Operador de caldeira;8621-20;04/07/2020;CLT;2.820,00;01/07/2026;Belém;PA
007897;Ricardo Macedo Marques;956.260.391-12;03/02/1988;M;Solteiro;Médio completo;Sandra Miranda Marques;74036132;SSP;PA;66086337;Rua do Horizonte;401;;Reduto;Belém;PA;(91) 99350-7010;ricardo.marques73@caixapostal.example;75.462.679/0001-30;BEL-01;Entreposto do Porto;Auxiliar de escritório;4110-05;06/08/2022;CLT;2.330,00;01/07/2026;Belém;PA
007898;Francisco Prado Neves;773.945.330-77;23/09/1980;M;Solteiro;Fundamental completo;Priscila Marques Neves;50999846;SSP;PA;66066391;Rua Três Marias;179;Apto 101;Umarizal;Belém;PA;(91) 98185-4404;francisco.neves94@caixapostal.example;75.462.679/0001-30;BEL-01;Entreposto do Porto;Motorista de caminhão;7825-10;19/07/2021;CLT;2.820,00;01/07/2026;Belém;PA
007899;Letícia Correia Rodrigues;939.687.406-02;07/07/1998;F;União estável;Médio incompleto;Cristiane Santos Rodrigues;33440539;SSP;PA;66090893;Rua do Mirante;1459;;Telégrafo;Belém;PA;(91) 98463-4876;leticia.rodrigues29@caixapostal.example;75.462.679/0001-30;BEL-01;Entreposto do Porto;Magarefe;8485-20;19/12/2019;CLT;1.880,00;01/07/2026;Belém;PA
007900;Carolina Miranda Fernandes;390.036.976-39;10/03/1978;F;Casada;Fundamental completo;Amanda Peixoto Fernandes;62438916;SSP;PA;66011796;Avenida Beira Rio;1343;;Reduto;Belém;PA;(91) 99290-0142;carolina.fernandes43@caixapostal.example;75.462.679/0001-30;BEL-01;Entreposto do Porto;Alimentador de linha de produção;7842-05;21/12/2013;CLT;2.340,00;01/07/2026;Belém;PA
007901;Pedro Paiva Assis;501.461.196-65;20/09/1991;M;Casado;Médio completo;Vanessa Cavalcanti Assis;43211605;SSP;PA;66035241;Rua do Comércio;622;;Marco;Belém;PA;(91) 99927-9795;pedro.assis45@meuemail.example;75.462.679/0001-30;BEL-01;Entreposto do Porto;Embalador;7841-05;20/11/2009;CLT;1.920,00;01/07/2026;Belém;PA
007902;Luciana Aguiar;808.380.401-01;30/06/1998;F;Solteira;Fundamental completo;Valéria Castro Aguiar;91727745;SSP;PA;66030502;Rua das Andorinhas;591;Apto 32;Reduto;Belém;PA;(91) 98699-1801;luciana.aguiar65@correio.example;75.462.679/0001-30;BEL-01;Entreposto do Porto;Magarefe;8485-20;04/02/2017;CLT;2.510,00;01/07/2026;Belém;PA
007903;Karina Pacheco Rezende;103.178.123-43;12/06/2003;F;Solteira;Médio completo;Kelly Souza Rezende;3466370;SSP;PA;66053089;Rua das Flores do Campo;716;;Reduto;Belém;PA;(91) 99033-1585;karina.rezende40@correio.example;75.462.679/0001-30;BEL-01;Entreposto do Porto;Auxiliar de escritório;4110-05;08/03/2026;CLT;2.580,00;01/07/2026;Belém;PA
007904;Nelson Soares;940.708.134-62;13/02/2005;M;Solteiro;Médio incompleto;Juliana Ribeiro Soares;68795386;SSP;PA;66095407;Rua das Gaivotas;1396;Apto 101;Reduto;Belém;PA;(91) 99350-4259;nelson.soares69@caixapostal.example;75.462.679/0001-30;BEL-01;Entreposto do Porto;Embalador;7841-05;17/09/2025;CLT;1.630,00;01/07/2026;Belém;PA
007905;Vinícius Vieira Leite;664.526.370-88;06/04/1994;M;Casado;Médio completo;Valéria Cavalcanti Leite;62498440;SSP;PA;66063342;Rua das Gaivotas;131;Fundos;Pedreira;Belém;PA;(91) 99542-0661;vinicius.leite97@correio.example;75.462.679/0001-30;BEL-01;Entreposto do Porto;Embalador;7841-05;08/11/2025;CLT;1.920,00;01/07/2026;Belém;PA
007906;Carlos Xavier Monteiro;739.965.623-14;03/03/1981;M;Casado;Médio completo;Francisca Neves Monteiro;14697208;SSP;PA;66058878;Rua da Liberdade;939;;Umarizal;Belém;PA;(91) 99288-7944;carlos.monteiro1@caixapostal.example;75.462.679/0001-30;BEL-01;Entreposto do Porto;Assistente administrativo;4110-10;15/02/2024;CLT;3.470,00;01/07/2026;Belém;PA
007907;Olívia Magalhães;787.444.822-72;04/07/2001;F;Divorciada;Fundamental completo;Flávia Pereira Magalhães;62777402;SSP;PA;66089879;Rua das Hortênsias;1217;Bloco B;Pedreira;Belém;PA;(91) 99876-8652;olivia.magalhaes26@correio.example;75.462.679/0001-30;BEL-01;Entreposto do Porto;Motorista de caminhão;7825-10;15/11/2025;CLT;3.210,00;01/07/2026;Belém;PA
007908;Kelly Araújo;112.793.599-27;21/03/1980;F;Casada;Fundamental completo;Natália Costa Araújo;36694450;SSP;PA;66078908;Rua dos Cravos;1439;Casa 2;Reduto;Belém;PA;(91) 99283-2175;kelly.araujo57@caixapostal.example;75.462.679/0001-30;BEL-01;Entreposto do Porto;Alimentador de linha de produção;7842-05;30/05/2018;CLT;2.110,00;01/07/2026;Belém;PA
007909;Patrícia Moreira Borges;103.841.826-74;29/07/1992;F;União estável;Médio completo;Larissa Castro Borges;46753098;SSP;PA;66055410;Rua dos Cravos;743;;Marco;Belém;PA;(91) 99909-3408;patricia.borges78@caixapostal.example;75.462.679/0001-30;BEL-01;Entreposto do Porto;Magarefe;8485-20;20/07/2025;CLT;1.880,00;01/07/2026;Belém;PA
007910;Fernanda Barros;719.279.397-39;19/01/1984;F;Casada;Médio incompleto;Joana Miranda Barros;83611318;SSP;PA;66083745;Rua da Esperança;2754;Apto 204;Pedreira;Belém;PA;(91) 98482-2857;fernanda.barros88@caixapostal.example;75.462.679/0001-30;BEL-01;Entreposto do Porto;Embalador;7841-05;01/09/2023;CLT;1.740,00;01/07/2026;Belém;PA
007911;Luciana Borges Borges;984.808.143-73;27/10/1996;F;União estável;Médio incompleto;Gabriela Correia Borges;78065547;SSP;PA;66044188;Rua Santa Clara;1853;;Telégrafo;Belém;PA;(91) 99513-6793;luciana.borges17@correio.example;75.462.679/0001-30;BEL-01;Entreposto do Porto;Embalador;7841-05;07/10/2025;CLT;1.630,00;01/07/2026;Belém;PA
007912;João Carvalho;967.269.223-45;03/09/1989;M;União estável;Médio incompleto;Débora Fernandes Carvalho;51903546;SSP;PA;66004710;Rua das Andorinhas;1529;;Guamá;Belém;PA;(91) 99794-8607;joao.carvalho67@caixapostal.example;75.462.679/0001-30;BEL-01;Entreposto do Porto;Faxineiro;5143-20;13/01/2025;CLT;1.630,00;01/07/2026;Belém;PA
007913;Patrícia Miranda;646.100.275-85;28/05/1999;F;Casada;Médio incompleto;Nayara Costa Miranda;93506830;SSP;PA;66023389;Rua dos Cravos;2111;Casa A;Guamá;Belém;PA;(91) 99102-4418;patricia.miranda24@caixapostal.example;75.462.679/0001-30;BEL-01;Entreposto do Porto;Embalador;7841-05;05/06/2026;CLT;1.630,00;01/07/2026;Belém;PA
007914;Rafael Paiva;880.687.132-39;25/03/1994;M;Casado;Fundamental completo;Renata Viana Paiva;67022159;SSP;PA;66017536;Rua da Esperança;667;;Umarizal;Belém;PA;(91) 98567-5658;rafael.paiva74@meuemail.example;75.462.679/0001-30;BEL-01;Entreposto do Porto;Magarefe;8485-20;28/03/2024;CLT;2.300,00;01/07/2026;Belém;PA
007915;Juliana Barbosa;916.183.391-68;21/08/1982;F;Casada;Médio completo;Patrícia Lima Barbosa;48265113;SSP;PA;66031185;Rua dos Cravos;506;;Marco;Belém;PA;(91) 98385-8326;juliana.barbosa66@meuemail.example;75.462.679/0001-30;BEL-01;Entreposto do Porto;Operador de caldeira;8621-20;07/09/2025;CLT;3.670,00;01/07/2026;Belém;PA
007916;Luana Magalhães;740.176.332-00;24/02/1994;F;União estável;Médio completo;Natália Andrade Magalhães;28397271;SSP;PA;66076367;Rua da Alvorada;1466;;Pedreira;Belém;PA;(91) 99904-2770;luana.magalhaes68@caixapostal.example;75.462.679/0001-30;BEL-01;Entreposto do Porto;Faxineiro;5143-20;03/08/2023;CLT;1.630,00;01/07/2026;Belém;PA
007917;Emerson Nunes Castro;739.985.964-70;05/04/1997;M;Casado;Fundamental completo;Mariana Neves Castro;84745078;SSP;PA;66029262;Avenida das Nações;421;Sala 5;Marco;Belém;PA;(91) 98433-9282;emerson.castro61@meuemail.example;75.462.679/0001-30;BEL-01;Entreposto do Porto;Auxiliar de escritório;4110-05;20/11/2020;CLT;2.070,00;01/07/2026;Belém;PA
007918;Larissa Ferreira;186.427.024-19;10/06/1995;F;Solteira;Médio completo;Giovana Ramos Ferreira;12732511;SSP;PA;66086505;Avenida Beira Rio;2716;;Reduto;Belém;PA;(91) 99899-8437;larissa.ferreira47@correio.example;75.462.679/0001-30;BEL-01;Entreposto do Porto;Magarefe;8485-20;07/04/2025;CLT;1.880,00;01/07/2026;Belém;PA
007919;Ricardo Siqueira;786.586.036-60;16/12/1997;M;Solteiro;Fundamental completo;Amanda Farias Siqueira;25055792;SSP;PA;66030145;Rua do Sol Nascente;1873;;Telégrafo;Belém;PA;(91) 99432-2261;ricardo.siqueira55@correio.example;75.462.679/0001-30;BEL-01;Entreposto do Porto;Magarefe;8485-20;08/09/2021;CLT;1.880,00;01/07/2026;Belém;PA
007920;Otávio Sales;820.602.561-86;29/04/2006;M;Solteiro;Fundamental completo;Cristiane Queiroz Sales;97426996;SSP;PA;66010981;Rua do Comércio;1778;;Guamá;Belém;PA;(91) 98777-8184;otavio.sales42@caixapostal.example;75.462.679/0001-30;BEL-01;Entreposto do Porto;Auxiliar de escritório;4110-05;08/10/2025;CLT;2.580,00;01/07/2026;Belém;PA
007921;Aline Rocha Oliveira;139.088.873-80;14/04/1987;F;Casada;Médio completo;Amanda Vieira Oliveira;5107629;SSP;PA;66000247;Rua do Mirante;2284;;Pedreira;Belém;PA;(91) 98122-0471;aline.oliveira76@caixapostal.example;75.462.679/0001-30;BEL-01;Entreposto do Porto;Faxineiro;5143-20;13/04/2017;CLT;1.630,00;01/07/2026;Belém;PA
007922;Juliana Freitas Nascimento;688.579.850-91;29/12/1998;F;União estável;Médio incompleto;Camila Marques Nascimento;28103238;SSP;PA;66057277;Rua dos Ipês Amarelos;1667;;Marco;Belém;PA;(91) 99909-1969;juliana.nascimento41@meuemail.example;75.462.679/0001-30;BEL-01;Entreposto do Porto;Alimentador de linha de produção;7842-05;30/01/2025;CLT;1.880,00;01/07/2026;Belém;PA
007923;Lucas Assis;586.142.369-56;16/11/1973;M;Casado;Médio incompleto;Bruna Coelho Assis;25715245;SSP;PA;66074398;Rua da Liberdade;288;;Reduto;Belém;PA;(91) 98793-4322;lucas.assis25@meuemail.example;75.462.679/0001-30;BEL-01;Entreposto do Porto;Operador de caldeira;8621-20;26/12/2018;CLT;3.240,00;01/07/2026;Belém;PA
007924;Camila Miranda;373.791.388-98;06/07/1988;F;União estável;Médio completo;Cristiane Nascimento Miranda;68204572;SSP;PA;66034424;Rua Santa Clara;247;;Umarizal;Belém;PA;(91) 99513-4803;camila.miranda15@correio.example;75.462.679/0001-30;BEL-01;Entreposto do Porto;Magarefe;8485-20;22/05/2023;CLT;2.510,00;01/07/2026;Belém;PA
007925;Hugo Pinto;891.586.305-46;26/01/1981;M;Casado;Fundamental completo;Amanda Paiva Pinto;10511430;SSP;PA;66026309;Rua das Mangueiras;1047;Casa A;Reduto;Belém;PA;(91) 99656-5872;hugo.pinto48@correio.example;75.462.679/0001-30;BEL-01;Entreposto do Porto;Magarefe;8485-20;10/05/2017;CLT;1.880,00;01/07/2026;Belém;PA
007926;Kelly Viana;037.158.943-69;24/06/1997;F;Casada;Médio incompleto;Flávia Macedo Viana;53528679;SSP;PA;66073739;Rua das Orquídeas;2728;Fundos;Marco;Belém;PA;(91) 99984-1710;kelly.viana37@meuemail.example;75.462.679/0001-30;BEL-01;Entreposto do Porto;Magarefe;8485-20;03/11/2025;CLT;2.090,00;01/07/2026;Belém;PA
007927;Elaine Assis Rocha;709.274.483-00;04/04/1997;F;Solteira;Fundamental completo;Eduarda Correia Rocha;57118131;SSP;PA;66040044;Rua do Cruzeiro;858;;Pedreira;Belém;PA;(91) 98273-8462;elaine.rocha44@meuemail.example;75.462.679/0001-30;BEL-01;Entreposto do Porto;Alimentador de linha de produção;7842-05;04/12/2024;CLT;2.110,00;01/07/2026;Belém;PA
007928;Wagner Costa Pacheco;640.283.831-45;27/02/2000;M;Solteiro;Médio completo;Gabriela Carvalho Pacheco;96086891;SSP;PA;66061150;Rua do Sol Nascente;15;Casa 2;Reduto;Belém;PA;(91) 98610-6939;wagner.pacheco54@caixapostal.example;75.462.679/0001-30;BEL-01;Entreposto do Porto;Alimentador de linha de produção;7842-05;01/08/2019;CLT;2.340,00;01/07/2026;Belém;PA
007929;Wagner Xavier Correia;498.458.853-57;04/10/1996;M;Solteiro;Médio incompleto;Eduarda Gonçalves Correia;96992425;SSP;PA;66008051;Rua das Andorinhas;2634;;Reduto;Belém;PA;(91) 99829-4576;wagner.correia34@correio.example;75.462.679/0001-30;BEL-01;Entreposto do Porto;Embalador;7841-05;03/03/2026;CLT;1.740,00;01/07/2026;Belém;PA
007930;Antônio Barbosa Teixeira;762.714.032-39;23/01/1994;M;Casado;Médio completo;Letícia Magalhães Teixeira;7884609;SSP;PA;66087684;Rua das Palmeiras;2772;Fundos;Guamá;Belém;PA;(91) 98903-2615;antonio.teixeira25@correio.example;75.462.679/0001-30;BEL-01;Entreposto do Porto;Supervisor de produção;8401-05;04/02/2013;CLT;7.060,00;01/07/2026;Belém;PA
007931;André Moreira Macedo;630.851.115-30;11/03/1994;M;Casado;Médio completo;Olívia Tavares Macedo;92981081;SSP;PA;66019978;Rua dos Ipês Amarelos;2737;;Guamá;Belém;PA;(91) 98776-0215;andre.macedo29@caixapostal.example;75.462.679/0001-30;BEL-01;Entreposto do Porto;Alimentador de linha de produção;7842-05;05/01/2024;CLT;2.570,00;01/07/2026;Belém;PA
007932;Marta Assis Moreira;602.384.982-20;17/10/1997;F;Casada;Médio completo;Daniela Andrade Moreira;98107934;SSP;PA;66032288;Rua da Alvorada;1636;;Reduto;Belém;PA;(91) 98126-9084;marta.moreira76@correio.example;75.462.679/0001-30;BEL-01;Entreposto do Porto;Magarefe;8485-20;26/08/2021;CLT;1.880,00;01/07/2026;Belém;PA
