matricula;nome_completo;cpf;data_nascimento;sexo;estado_civil;nome_mae;nacionalidade;municipio_naturalidade;uf_naturalidade;nis_pis;escolaridade;tipo_documento;numero_documento;orgao_emissor;uf_emissor;data_emissao_documento;cep_residencial;logradouro_residencial;numero_residencial;complemento_residencial;bairro_residencial;municipio_residencial;uf_residencial;telefone_residencial;telefone_celular;email_pessoal;email_corporativo;cnpj_empregador;cnpj_grupo;codigo_unidade;nome_unidade;cargo;codigo_cbo;data_admissao;data_efetivacao;tipo_renda;valor_renda;data_referencia_renda;cep_comercial;logradouro_comercial;numero_comercial;complemento_comercial;bairro_comercial;municipio_comercial;uf_comercial
09061;Olívia Cardoso Ignácio;42165451221;1970-02-25;F;Casado;Heitor Cardoso;Brasileira;Campinas;SP;95184093412;Superior completo;CNH;79416482;SSP;SP;2018-09-27;86642408;Rua do Comércio;349;Apto 12;São José;Campinas;SP;(23) 3504-2151;(98) 96345-2569;olívia9061@pessoal.example;olívia9061@emp001.example;10433218000193;;AUR-01;Fábrica Campinas;Operador de logística;414140;2020-06-17;2020-09-15;CLT;3538.00;2026-09-01;70938969;Avenida Industrial;4338;;Distrito Empresarial;Campinas;SP
09062;Zeca Holanda Oliveira;04005610854;1977-02-09;M;Casado;Lucas Rezende;Brasileira;Campinas;SP;14091967532;Pós-graduação;CNH;15834186;DETRAN;SP;2025-05-06;96773487;Avenida das Flores;1033;;Industrial;Campinas;SP;(87) 3205-8312;(59) 91366-6218;zeca9062@pessoal.example;zeca9062@emp001.example;10433218000193;;AUR-01;Fábrica Campinas;Vendedor;521110;2015-08-07;2015-11-05;CLT;2604.00;2026-09-01;70938969;Avenida Industrial;4338;;Distrito Empresarial;Campinas;SP
09063;Vinícius Xavier Gomes;11462201628;1983-07-11;F;Solteiro;Rafael Xavier;Brasileira;Campinas;SP;59171610448;Médio completo;CNH;92599219;DETRAN;SP;2009-05-09;34083626;Avenida das Flores;1908;Casa 2;Industrial;Campinas;SP;(72) 3510-7167;(21) 92710-4135;vinícius9063@pessoal.example;vinícius9063@emp001.example;10433218000193;;AUR-01;Fábrica Campinas;Técnico de enfermagem;322205;2021-03-16;2021-06-14;CLT;4284.00;2026-09-01;70938969;Avenida Industrial;4338;;Distrito Empresarial;Campinas;SP
09064;João Queiroz Vasconcelos;69714318807;1969-07-27;M;Solteiro;Isabela Jardim;Brasileira;Campinas;SP;96632315465;Pós-graduação;RG;90633719;SSP;SP;2008-06-08;77077997;Avenida Brasil;256;Apto 12;Centro;Campinas;SP;(74) 3774-9008;(69) 98619-8825;joão9064@pessoal.example;joão9064@emp001.example;10433218000193;;AUR-01;Fábrica Campinas;Auxiliar administrativo;411005;2025-04-08;2025-07-07;CLT;3224.00;2026-09-01;70938969;Avenida Industrial;4338;;Distrito Empresarial;Campinas;SP
09065;Carla Queiroz Dias;81777214459;1984-06-14;M;Casado;Úrsula Holanda;Brasileira;Campinas;SP;88994383632;Superior completo;RG;91076566;SSP;SP;2017-02-05;82011202;Rua do Comércio;433;;Boa Vista;Campinas;SP;(64) 3708-4998;(33) 94923-9923;carla9065@pessoal.example;carla9065@emp001.example;10433218000193;;AUR-01;Fábrica Campinas;Analista;252405;2022-08-23;2022-11-21;CLT;4836.00;2026-09-01;70938969;Avenida Industrial;4338;;Distrito Empresarial;Campinas;SP
09066;Tiago Jardim Cardoso;91223587657;1965-10-02;M;Casado;Diego Xavier;Brasileira;Campinas;SP;22423775155;Médio completo;RG;64630177;DETRAN;SP;2019-08-31;16975617;Rua das Palmeiras;1152;;Vila Nova;Campinas;SP;(47) 3873-7785;(23) 91687-8374;tiago9066@pessoal.example;tiago9066@emp001.example;10433218000193;;AUR-01;Fábrica Campinas;Sócio-administrador;121010;2013-06-28;2013-09-26;PRO_LABORE;17800.00;2026-09-01;70938969;Avenida Industrial;4338;;Distrito Empresarial;Campinas;SP
09067;Nicolas Uchoa Dias;73926931159;1985-09-21;F;União estável;Heitor Gomes;Brasileira;Campinas;SP;66973532246;Pós-graduação;CNH;49618061;DETRAN;SP;2017-05-03;15840915;Avenida Brasil;849;Bloco B;Industrial;Campinas;SP;(34) 3104-8183;(19) 95390-8386;nicolas9067@pessoal.example;nicolas9067@emp001.example;10433218000193;;AUR-01;Fábrica Campinas;Enfermeiro;223505;2016-03-07;2016-06-05;CLT;5704.00;2026-09-01;70938969;Avenida Industrial;4338;;Distrito Empresarial;Campinas;SP
09068;Bruno Barbosa Prado;71562400568;1993-03-21;M;Casado;Paulo Nogueira;Brasileira;Campinas;SP;87928491897;Pós-graduação;CNH;26809085;SSP;SP;2017-04-11;13566047;Rua do Comércio;81;Apto 12;Jardim América;Campinas;SP;(83) 3165-4291;(93) 93789-2002;bruno9068@pessoal.example;bruno9068@emp001.example;10433218000193;;AUR-01;Fábrica Campinas;Vendedor;521110;2012-03-16;2012-06-14;CLT;3220.00;2026-09-01;70938969;Avenida Industrial;4338;;Distrito Empresarial;Campinas;SP
09069;Isabela Esteves Uchoa;19864286722;1968-06-28;M;União estável;Lucas Jardim;Brasileira;Campinas;SP;48881838507;Médio completo;CNH;43590840;SSP;SP;2018-11-30;46142470;Avenida Brasil;36;;Jardim América;Campinas;SP;(67) 3310-9969;(84) 99758-9433;isabela9069@pessoal.example;isabela9069@emp001.example;10433218000193;;AUR-01;Fábrica Campinas;Analista sênior;252405;2014-05-27;2014-08-25;CLT;7216.00;2026-09-01;70938969;Avenida Industrial;4338;;Distrito Empresarial;Campinas;SP
09070;João Uchoa Oliveira;39718606130;1985-09-16;M;Divorciado;Zeca Prado;Brasileira;Campinas;SP;92371142487;Médio completo;CNH;67268798;SSP;SP;2001-12-16;31874517;Rua Sete de Setembro;1858;Apto 12;São José;Campinas;SP;(58) 3238-4916;(72) 99639-6681;joão9070@pessoal.example;joão9070@emp001.example;10433218000193;;AUR-01;Fábrica Campinas;Gerente;142105;2013-07-09;2013-10-07;CLT;14560.00;2026-09-01;70938969;Avenida Industrial;4338;;Distrito Empresarial;Campinas;SP
09071;Bruno Siqueira Gomes;13997313512;1982-11-07;F;Divorciado;Úrsula Prado;Brasileira;Campinas;SP;16264556110;Pós-graduação;CNH;69423938;SSP;SP;2000-02-05;24697825;Rua do Comércio;1994;;Centro;Campinas;SP;(41) 3109-7373;(34) 96274-5236;bruno9071@pessoal.example;bruno9071@emp001.example;10433218000193;;AUR-01;Fábrica Campinas;Analista sênior;252405;2012-12-23;;CLT;6806.00;2026-09-01;70938969;Avenida Industrial;4338;;Distrito Empresarial;Campinas;SP
09072;Rafael Teixeira Rezende;99207539985;1979-12-02;F;União estável;Heitor Jardim;Brasileira;Campinas;SP;65029324442;Superior completo;CNH;30249969;SSP;SP;2011-07-25;36078730;Rua do Comércio;1374;;São José;Campinas;SP;(28) 3603-4721;(35) 96042-4777;rafael9072@pessoal.example;rafael9072@emp001.example;10433218000193;;AUR-01;Fábrica Campinas;Sócio-administrador;121010;2021-02-11;2021-05-12;PRO_LABORE;22200.00;2026-09-01;70938969;Avenida Industrial;4338;;Distrito Empresarial;Campinas;SP
09073;Nicolas Prado Lacerda;97470459740;1965-04-27;M;União estável;Wesley Machado;Brasileira;Campinas;SP;51116298854;Pós-graduação;RG;13866639;SSP;SP;2007-05-14;91183252;Avenida das Flores;1216;Bloco B;Santa Luzia;Campinas;SP;(66) 3425-5926;(56) 92510-1955;nicolas9073@pessoal.example;nicolas9073@emp001.example;10433218000193;;AUR-01;Fábrica Campinas;Motorista;782305;2017-11-13;2018-02-11;CLT;3399.00;2026-09-01;70938969;Avenida Industrial;4338;;Distrito Empresarial;Campinas;SP
09074;Nicolas Gomes Lacerda;83804121683;1983-06-04;F;União estável;Karina Lacerda;Brasileira;Campinas;SP;18988481597;Pós-graduação;CNH;96154087;DETRAN;SP;2021-01-31;87031251;Rua do Comércio;342;Bloco B;Santa Luzia;Campinas;SP;(68) 3949-5544;(36) 99135-4435;nicolas9074@pessoal.example;nicolas9074@emp001.example;10433218000193;;AUR-01;Fábrica Campinas;Gerente;142105;2016-06-15;2016-09-13;CLT;17280.00;2026-09-01;70938969;Avenida Industrial;4338;;Distrito Empresarial;Campinas;SP
09075;Ana Cardoso Cardoso;01892064979;1975-02-24;F;União estável;Tiago Xavier;Portuguesa;Campinas;SP;30345684041;Pós-graduação;CNH;14159766;SSP;SP;2010-04-11;59633397;Rua das Palmeiras;1095;;Centro;Campinas;SP;(74) 3104-9813;(38) 97227-5610;ana9075@pessoal.example;ana9075@emp001.example;10433218000193;;AUR-01;Fábrica Campinas;Sócio-administrador;121010;2021-10-07;;PRO_LABORE;23800.00;2026-09-01;70938969;Avenida Industrial;4338;;Distrito Empresarial;Campinas;SP
