municipio_naturalidade;nome_completo;telefone_celular;numero_residencial;logradouro_comercial;valor_renda;logradouro_residencial;Escala;Sindicato;cargo;municipio_residencial;telefone_residencial;nome_mae;email_pessoal;bairro_comercial;cpf;codigo_unidade;estado_civil;escolaridade;orgao_emissor;codigo_cbo;sexo;complemento_residencial;email_corporativo;data_nascimento;matricula;bairro_residencial;Vaga Garagem;numero_comercial;cnpj_empregador;numero_documento;data_emissao_documento;tipo_renda;data_referencia_renda;data_admissao;nacionalidade
Campinas;Olívia Cardoso Ignácio;(98) 96345-2569;349;Avenida Industrial;3538.00;Rua do Comércio;6x1;SINTRAL;Operador de logística;Campinas;(23) 3504-2151;Heitor Cardoso;olívia9061@pessoal.example;Distrito Empresarial;42165451221;AUR-01;Casado;Superior completo;SSP;414140;F;Apto 12;olívia9061@emp001.example;1970-02-25;09061;São José;Não;4338;10433218000193;79416482;2018-09-27;CLT;2026-09-01;2020-06-17;Brasileira
Campinas;Zeca Holanda Oliveira;(59) 91366-6218;1033;Avenida Industrial;2604.00;Avenida das Flores;6x1;Sem sindicato;Vendedor;Campinas;(87) 3205-8312;Lucas Rezende;zeca9062@pessoal.example;Distrito Empresarial;04005610854;AUR-01;Casado;Pós-graduação;DETRAN;521110;M;;zeca9062@emp001.example;1977-02-09;09062;Industrial;Não;4338;10433218000193;15834186;2025-05-06;CLT;2026-09-01;2015-08-07;Brasileira
Campinas;Vinícius Xavier Gomes;(21) 92710-4135;1908;Avenida Industrial;4284.00;Avenida das Flores;5x2;SINTRAL;Técnico de enfermagem;Campinas;(72) 3510-7167;Rafael Xavier;vinícius9063@pessoal.example;Distrito Empresarial;11462201628;AUR-01;Solteiro;Médio completo;DETRAN;322205;F;Casa 2;vinícius9063@emp001.example;1983-07-11;09063;Industrial;Sim;4338;10433218000193;92599219;2009-05-09;CLT;2026-09-01;2021-03-16;Brasileira
Campinas;João Queiroz Vasconcelos;(69) 98619-8825;256;Avenida Industrial;3224.00;Avenida Brasil;12x36;SINDCOM;Auxiliar administrativo;Campinas;(74) 3774-9008;Isabela Jardim;joão9064@pessoal.example;Distrito Empresarial;69714318807;AUR-01;Solteiro;Pós-graduação;SSP;411005;M;Apto 12;joão9064@emp001.example;1969-07-27;09064;Centro;Não;4338;10433218000193;90633719;2008-06-08;CLT;2026-09-01;2025-04-08;Brasileira
Campinas;Carla Queiroz Dias;(33) 94923-9923;433;Avenida Industrial;4836.00;Rua do Comércio;6x1;SINDCOM;Analista;Campinas;(64) 3708-4998;Úrsula Holanda;carla9065@pessoal.example;Distrito Empresarial;81777214459;AUR-01;Casado;Superior completo;SSP;252405;M;;carla9065@emp001.example;1984-06-14;09065;Boa Vista;Sim;4338;10433218000193;91076566;2017-02-05;CLT;2026-09-01;2022-08-23;Brasileira
Campinas;Tiago Jardim Cardoso;(23) 91687-8374;1152;Avenida Industrial;17800.00;Rua das Palmeiras;6x1;SINDCOM;Sócio-administrador;Campinas;(47) 3873-7785;Diego Xavier;tiago9066@pessoal.example;Distrito Empresarial;91223587657;AUR-01;Casado;Médio completo;DETRAN;121010;M;;tiago9066@emp001.example;1965-10-02;09066;Vila Nova;Sim;4338;10433218000193;64630177;2019-08-31;PRO_LABORE;2026-09-01;2013-06-28;Brasileira
Campinas;Nicolas Uchoa Dias;(19) 95390-8386;849;Avenida Industrial;5704.00;Avenida Brasil;5x2;Sem sindicato;Enfermeiro;Campinas;(34) 3104-8183;Heitor Gomes;nicolas9067@pessoal.example;Distrito Empresarial;73926931159;AUR-01;União estável;Pós-graduação;DETRAN;223505;F;Bloco B;nicolas9067@emp001.example;1985-09-21;09067;Industrial;Sim;4338;10433218000193;49618061;2017-05-03;CLT;2026-09-01;2016-03-07;Brasileira
Campinas;Bruno Barbosa Prado;(93) 93789-2002;81;Avenida Industrial;3220.00;Rua do Comércio;12x36;Sem sindicato;Vendedor;Campinas;(83) 3165-4291;Paulo Nogueira;bruno9068@pessoal.example;Distrito Empresarial;71562400568;AUR-01;Casado;Pós-graduação;SSP;521110;M;Apto 12;bruno9068@emp001.example;1993-03-21;09068;Jardim América;Não;4338;10433218000193;26809085;2017-04-11;CLT;2026-09-01;2012-03-16;Brasileira
Campinas;Isabela Esteves Uchoa;(84) 99758-9433;36;Avenida Industrial;7216.00;Avenida Brasil;5x2;SINTRAL;Analista sênior;Campinas;(67) 3310-9969;Lucas Jardim;isabela9069@pessoal.example;Distrito Empresarial;19864286722;AUR-01;União estável;Médio completo;SSP;252405;M;;isabela9069@emp001.example;1968-06-28;09069;Jardim América;Sim;4338;10433218000193;43590840;2018-11-30;CLT;2026-09-01;2014-05-27;Brasileira
Campinas;João Uchoa Oliveira;(72) 99639-6681;1858;Avenida Industrial;14560.00;Rua Sete de Setembro;12x36;SINDCOM;Gerente;Campinas;(58) 3238-4916;Zeca Prado;joão9070@pessoal.example;Distrito Empresarial;39718606130;AUR-01;Divorciado;Médio completo;SSP;142105;M;Apto 12;joão9070@emp001.example;1985-09-16;09070;São José;Sim;4338;10433218000193;67268798;2001-12-16;CLT;2026-09-01;2013-07-09;Brasileira
Campinas;Bruno Siqueira Gomes;(34) 96274-5236;1994;Avenida Industrial;6806.00;Rua do Comércio;6x1;SINDCOM;Analista sênior;Campinas;(41) 3109-7373;Úrsula Prado;bruno9071@pessoal.example;Distrito Empresarial;13997313512;AUR-01;Divorciado;Pós-graduação;SSP;252405;F;;bruno9071@emp001.example;1982-11-07;09071;Centro;Não;4338;10433218000193;69423938;2000-02-05;CLT;2026-09-01;2012-12-23;Brasileira
Campinas;Rafael Teixeira Rezende;(35) 96042-4777;1374;Avenida Industrial;22200.00;Rua do Comércio;5x2;Sem sindicato;Sócio-administrador;Campinas;(28) 3603-4721;Heitor Jardim;rafael9072@pessoal.example;Distrito Empresarial;99207539985;AUR-01;União estável;Superior completo;SSP;121010;F;;rafael9072@emp001.example;1979-12-02;09072;São José;Sim;4338;10433218000193;30249969;2011-07-25;PRO_LABORE;2026-09-01;2021-02-11;Brasileira
Campinas;Nicolas Prado Lacerda;(56) 92510-1955;1216;Avenida Industrial;3399.00;Avenida das Flores;5x2;SINTRAL;Motorista;Campinas;(66) 3425-5926;Wesley Machado;nicolas9073@pessoal.example;Distrito Empresarial;97470459740;AUR-01;União estável;Pós-graduação;SSP;782305;M;Bloco B;nicolas9073@emp001.example;1965-04-27;09073;Santa Luzia;Não;4338;10433218000193;13866639;2007-05-14;CLT;2026-09-01;2017-11-13;Brasileira
Campinas;Nicolas Gomes Lacerda;(36) 99135-4435;342;Avenida Industrial;17280.00;Rua do Comércio;6x1;SINTRAL;Gerente;Campinas;(68) 3949-5544;Karina Lacerda;nicolas9074@pessoal.example;Distrito Empresarial;83804121683;AUR-01;União estável;Pós-graduação;DETRAN;142105;F;Bloco B;nicolas9074@emp001.example;1983-06-04;09074;Santa Luzia;Sim;4338;10433218000193;96154087;2021-01-31;CLT;2026-09-01;2016-06-15;Brasileira
Campinas;Ana Cardoso Cardoso;(38) 97227-5610;1095;Avenida Industrial;23800.00;Rua das Palmeiras;5x2;Sem sindicato;Sócio-administrador;Campinas;(74) 3104-9813;Tiago Xavier;ana9075@pessoal.example;Distrito Empresarial;01892064979;AUR-01;União estável;Pós-graduação;SSP;121010;F;;ana9075@emp001.example;1975-02-24;09075;Centro;Não;4338;10433218000193;14159766;2010-04-11;PRO_LABORE;2026-09-01;2021-10-07;Portuguesa
