Nome;Proventos;Observação Interna; Data de Admissão  ;Cadastro Pessoa Física;Nº Empresa;Endereço Trabalho;CPJ Empresa;Data de Nasciento;Vaga Garagem;DOCUMENTO DE IDENTIFICAÇÃO;Cidade Empresa;Ocupaçã CBO;Lotação;Salário;Data de Emissão;Compl Casa;Nacion.;CEP Comercial;Email;UF Doc.;Dt.;Número PIS; Cargo Atual  
Olívia Cardoso Ignácio;4.634,78;Transferido da filial;17/06/2020;421.654.512-21;4338;Avenida Industrial;10433218000193;25/02/1970;Sim;CNH;Campinas;4141.40;Fábrica Campinas;3.538,00;27/09/2018;Apto 12;Brasileira;70938-969;olívia9061@pessoal.example;SP;02/01/2026;95184093412;Operador de logística
Zeca Holanda Oliveira;2.968,56;Aguardando exame;07/08/2015;040.056.108-54;4338;Avenida Industrial;10433218000193;09/02/1977;Não;CNH;Campinas;521110;Fábrica Campinas;2.604,00;06/05/2025;;Brasileira;70938-969;zeca9062@pessoal.example;SP;23/03/2025;14091967532;Vendedor
Vinícius Xavier Gomes;4.926,60;;16/03/2021;114.622.016-28;4338;Avenida Industrial;10433218000193;11/07/1983;Sim;CNH;Campinas;322205;Fábrica Campinas;4.284,00;09/05/2009;Casa 2;Brasileira;70938-969;vinícius9063@pessoal.example;SP;16/05/2025;59171610448;Técnico de enfermagem
João Queiroz Vasconcelos;4.287,92;Sem pendência;08/04/2025;697.143.188-07;4338;Avenida Industrial;10433218000193;27/07/1969;Sim;RG;Campinas;411005;Fábrica Campinas;3.224,00;08/06/2008;Apto 12;Brasileira;70938-969;joão9064@pessoal.example;SP;31/07/2026;96632315465;Auxiliar administrativo
Carla Queiroz Dias;5.416,32;Transferido da filial;23/08/2022;817.772.144-59;4338;Avenida Industrial;10433218000193;14/06/1984;Sim;RG;Campinas;2524-05;Fábrica Campinas;4.836,00;05/02/2017;;Brasileira;70938-969;carla9065@pessoal.example;SP;01/06/2025;88994383632;Analista
Tiago Jardim Cardoso;23.496,00;Sem pendência;28/06/2013;912.235.876-57;4338;Avenida Industrial;10433218000193;02/10/1965;Sim;RG;Campinas;1210.10;Fábrica Campinas;17.800,00;31/08/2019;;Brasileira;70938-969;tiago9066@pessoal.example;SP;18/04/2026;22423775155;Sócio-administrador
Nicolas Uchoa Dias;6.502,56;Aguardando exame;07/03/2016;739.269.311-59;4338;Avenida Industrial;10433218000193;21/09/1985;Sim;CNH;Campinas;2235.05;Fábrica Campinas;5.704,00;03/05/2017;Bloco B;Brasileira;70938-969;nicolas9067@pessoal.example;SP;30/04/2025;66973532246;Enfermeiro
Bruno Barbosa Prado;4.314,80;Transferido da filial;16/03/2012;715.624.005-68;4338;Avenida Industrial;10433218000193;21/03/1993;Sim;CNH;Campinas;5211-10;Fábrica Campinas;3.220,00;11/04/2017;Apto 12;Brasileira;70938-969;bruno9068@pessoal.example;SP;18/01/2025;87928491897;Vendedor
Isabela Esteves Uchoa;9.164,32;Aguardando exame;27/05/2014;198.642.867-22;4338;Avenida Industrial;10433218000193;28/06/1968;Não;CNH;Campinas;252405;Fábrica Campinas;7.216,00;30/11/2018;;Brasileira;70938-969;isabela9069@pessoal.example;SP;19/08/2025;48881838507;Analista sênior
João Uchoa Oliveira;16.452,80;;09/07/2013;397.186.061-30;4338;Avenida Industrial;10433218000193;16/09/1985;Sim;CNH;Campinas;1421.05;Fábrica Campinas;14.560,00;16/12/2001;Apto 12;Brasileira;70938-969;joão9070@pessoal.example;SP;09/05/2025;92371142487;Gerente
Bruno Siqueira Gomes;8.167,20;Sem pendência;23/12/2012;139.973.135-12;4338;Avenida Industrial;10433218000193;07/11/1982;Sim;CNH;Campinas;2524-05;Fábrica Campinas;6.806,00;05/02/2000;;Brasileira;70938-969;bruno9071@pessoal.example;SP;17/05/2025;16264556110;Analista sênior
Rafael Teixeira Rezende;29.304,00;Aguardando exame;11/02/2021;992.075.399-85;4338;Avenida Industrial;10433218000193;02/12/1979;Sim;CNH;Campinas;121010;Fábrica Campinas;22.200,00;25/07/2011;;Brasileira;70938-969;rafael9072@pessoal.example;SP;21/01/2026;65029324442;Sócio-administrador
Nicolas Prado Lacerda;3.772,89;Aguardando exame;13/11/2017;974.704.597-40;4338;Avenida Industrial;10433218000193;27/04/1965;Sim;RG;Campinas;7823-05;Fábrica Campinas;3.399,00;14/05/2007;Bloco B;Brasileira;70938-969;nicolas9073@pessoal.example;SP;07/10/2025;51116298854;Motorista
Nicolas Gomes Lacerda;20.908,80;Transferido da filial;15/06/2016;838.041.216-83;4338;Avenida Industrial;10433218000193;04/06/1983;Não;CNH;Campinas;1421-05;Fábrica Campinas;17.280,00;31/01/2021;Bloco B;Brasileira;70938-969;nicolas9074@pessoal.example;SP;05/04/2026;18988481597;Gerente
Ana Cardoso Cardoso;27.370,00;Transferido da filial;07/10/2021;018.920.649-79;4338;Avenida Industrial;10433218000193;24/02/1975;Sim;CNH;Campinas;1210.10;Fábrica Campinas;23.800,00;11/04/2010;;Portuguesa;70938-969;ana9075@pessoal.example;SP;24/02/2026;30345684041;Sócio-administrador
