Relação de funcionários admitidos - Aurora Alimentos - setembro/2026;;;;;;;;;;;;;
IDENTIFICAÇÃO;;;CONTRATO;;;;;;ENDEREÇO;;;CONTATO;
Nome - CPF;Estado Civil;Nome da Mãe;Cargo Atual;CBO;Data de Admissão;Renda Mensal;Tipo de Renda;Mat.;Endereço;Nº Casa;Bairro;Fone Celular;
Diego Rezende Esteves - 835.061.019-00;Divorciado;Zeca Nogueira;Assistente administrativo;411010;20/05/2016;2.890,00;CLT;09046;Rua Sete de Setembro;563;Jardim América;(11) 95867-8530;diego9046@pessoal.example
Heitor Queiroz Jardim - 930.562.312-30;Solteiro;Lucas Oliveira;Desenvolvedor;3171-10;20/12/2012;9.594,00;CLT;09047;Rua do Comércio;425;Santa Luzia;(48) 96262-9851;heitor9047@pessoal.example
Isabela Lacerda Almeida - 466.927.497-00;Divorciado;João Lacerda;Vendedor;5211.10;17/02/2020;2.828,00;CLT;09048;Avenida das Flores;45;Industrial;(25) 95771-4661;isabela9048@pessoal.example
Isabela Barbosa Vasconcelos - 046.439.978-50;Solteiro;Queila Lacerda;Gerente;1421-05;24/07/2019;12.320,00;CLT;09049;Rua do Comércio;824;Industrial;(67) 98807-5182;isabela9049@pessoal.example
Paulo Nogueira Gomes - 662.705.352-71;União estável;Heitor Holanda;Gerente;1421.05;11/01/2014;14.880,00;CLT;09050;Avenida das Flores;584;Boa Vista;(62) 99299-5678;paulo9050@pessoal.example
Ana Lacerda Machado - 977.919.394-44;Divorciado;Tiago Vasconcelos;Vendedor;521110;25/12/2022;2.520,00;CLT;09051;Rua das Palmeiras;1143;Industrial;(20) 99219-9239;ana9051@pessoal.example
Paulo Vasconcelos Jardim - 576.310.956-20;União estável;Carla Cardoso;Desenvolvedor;317110;05/07/2024;6.864,00;CLT;09052;Avenida das Flores;1104;Industrial;(68) 97865-3088;paulo9052@pessoal.example
Wesley Nogueira Almeida - 261.096.138-35;Divorciado;Fábio Dias;Motorista;7823.05;12/02/2023;3.432,00;CLT;09053;Avenida das Flores;1181;Industrial;(89) 94191-7244;wesley9053@pessoal.example
Ana Holanda Jardim - 358.352.404-73;Solteiro;Paulo Barbosa;Diretor;1231.05;03/12/2020;21.560,00;CLT;09054;Rua do Comércio;2130;São José;(15) 94863-9253;ana9054@pessoal.example
Elisa Barbosa Ignácio - 372.093.872-77;União estável;Mariana Gomes;Coordenador;1421.05;12/03/2023;9.200,00;CLT;09055;Rua Sete de Setembro;2151;Centro;(69) 93539-5486;elisa9055@pessoal.example
Wesley Almeida Uchoa - 055.462.993-39;Divorciado;Úrsula Esteves;Diretor;1231.05;23/01/2022;28.560,00;CLT;09056;Avenida das Flores;1201;Industrial;(97) 91362-3496;wesley9056@pessoal.example
Zeca Machado Uchoa - 949.589.827-79;Casado;Diego Dias;Auxiliar administrativo;411005;21/03/2016;2.496,00;CLT;09057;Avenida das Flores;646;Santa Luzia;(31) 93361-8872;zeca9057@pessoal.example
Mariana Teixeira Nogueira - 311.802.135-72;Solteiro;Nicolas Oliveira;Vendedor;5211-10;22/05/2026;3.388,00;CLT;09058;Rua das Palmeiras;1852;Boa Vista;(40) 91965-4616;mariana9058@pessoal.example
Karina Teixeira Uchoa - 099.232.911-62;Solteiro;Bruno Jardim;Enfermeiro;223505;02/09/2023;4.836,00;CLT;09059;Avenida Brasil;25;Santa Luzia;(38) 91596-6382;karina9059@pessoal.example
Rafael Rezende Nogueira - 459.738.935-02;Divorciado;Carla Ignácio;Enfermeiro;2235-05;15/07/2022;6.076,00;CLT;09060;Rua das Palmeiras;915;Industrial;(65) 95418-4473;rafael9060@pessoal.example
