Número de matrícula;Nome completo do empregado;Número do CPF;Data de nascimento;Sexo (F/M);Estado civil;Grau de instrução;Nome da mãe;Número do PIS;Cargo ocupado;Código Brasileiro de Ocupação;Data de admissão na empresa;Data de efetivação;Tipo de contrato;Salário bruto mensal (R$);CNPJ do estabelecimento;CNPJ do grupo;Código da unidade;Nome da unidade;CEP residencial;Logradouro;Número;Complemento;Bairro;Município;UF;Telefone residencial;Telefone celular;E-mail corporativo;CEP do trabalho;Endereço do trabalho;Número do trabalho;Bairro do trabalho;Município do trabalho;UF do trabalho
005105;Wellington Pinto Machado;318.554.716-04;02/11/1997;M;Casado;Pós-graduação;Renata Macedo Machado;13230924936;Fisioterapeuta;2236 05;18/09/2026;;Celetista;4.110,00;54.346.374/0002-73;;RIO-02;Clínica Tijuca;22094810;Rua das Palmeiras;2342;Fundos;Campo Grande;Rio de Janeiro;RJ;;(21) 99922-4847;wellington.machado@enseada-serena.example;22011643;Rua Santa Clara;3483;Tijuca;Rio de Janeiro;RJ
005106;Ana Campos;641.199.377-71;10/10/2002;F;União estável;Fundamental completo;Marta Martins Campos;16067853631;Auxiliar de enfermagem;3222 30;15/09/2026;;Celetista;3.060,00;54.346.374/0001-92;;RIO-01;Clínica Botafogo;22080679;Rua da Esperança;1417;;Copacabana;Rio de Janeiro;RJ;;(21) 99668-3698;ana.campos@enseada-serena.example;22024148;Rua do Comércio;89;Barra da Tijuca;Rio de Janeiro;RJ
005107;Bruna Santana;223.441.163-70;19/01/1999;F;Casada;Médio completo;Tereza Dias Santana;16968567253;Recepcionista de clínica;4221 10;11/09/2026;;Celetista;2.030,00;54.346.374/0001-92;;RIO-01;Clínica Botafogo;22018668;Rua São Pedro;2124;;Tijuca;Rio de Janeiro;RJ;;(21) 99554-6670;bruna.santana@enseada-serena.example;22024148;Rua do Comércio;89;Barra da Tijuca;Rio de Janeiro;RJ
005108;Joana Soares;879.455.621-08;03/01/1993;F;Casada;Médio completo;Natália Figueiredo Soares;16682328755;Técnico de enfermagem;3222 05;09/09/2026;;Celetista;3.380,00;54.346.374/0001-92;;RIO-01;Clínica Botafogo;22052180;Rua do Comércio;2756;;Copacabana;Rio de Janeiro;RJ;;(21) 98891-4582;joana.soares@enseada-serena.example;22024148;Rua do Comércio;89;Barra da Tijuca;Rio de Janeiro;RJ
005109;Luciana Martins Dias;200.024.920-59;11/05/1992;F;Casada;Superior completo;Daniela Brito Dias;13121806935;Fisioterapeuta;2236 05;27/09/2026;;Celetista;4.740,00;54.346.374/0001-92;;RIO-01;Clínica Botafogo;22031629;Avenida Beira Rio;1073;Apto 204;Botafogo;Rio de Janeiro;RJ;;(21) 98398-0300;luciana.dias@enseada-serena.example;22024148;Rua do Comércio;89;Barra da Tijuca;Rio de Janeiro;RJ
005110;Tereza Coelho Carvalho;519.398.482-70;15/04/2003;F;União estável;Superior incompleto;Tatiane Cardoso Carvalho;12771799955;Técnico de enfermagem;3222 05;15/09/2026;;Celetista;3.670,00;54.346.374/0001-92;;RIO-01;Clínica Botafogo;22079689;Rua do Sol Nascente;1220;Bloco B;Campo Grande;Rio de Janeiro;RJ;;(21) 99587-7959;tereza.carvalho@enseada-serena.example;22024148;Rua do Comércio;89;Barra da Tijuca;Rio de Janeiro;RJ
005111;Marta Guimarães;436.372.156-16;13/11/1997;F;Casada;Pós-graduação;Amanda Santana Guimarães;17692616959;Médico clínico;2251 25;24/09/2026;;Celetista;13.220,00;54.346.374/0001-92;;RIO-01;Clínica Botafogo;22018287;Rua do Mirante;763;;Botafogo;Rio de Janeiro;RJ;;(21) 98368-0981;marta.guimaraes@enseada-serena.example;22024148;Rua do Comércio;89;Barra da Tijuca;Rio de Janeiro;RJ
005112;Hugo Nascimento;998.248.371-40;10/03/1999;M;Solteiro;Superior completo;Letícia Teixeira Nascimento;17183697439;Técnico de enfermagem;3222 05;26/09/2026;;Celetista;2.810,00;54.346.374/0001-92;;RIO-01;Clínica Botafogo;22055558;Avenida Central;1843;Casa A;Barra da Tijuca;Rio de Janeiro;RJ;;(21) 98274-3155;hugo.nascimento@enseada-serena.example;22024148;Rua do Comércio;89;Barra da Tijuca;Rio de Janeiro;RJ
005113;Simone Aguiar;531.853.920-35;30/04/2000;F;Casada;Superior completo;Tereza Peixoto Aguiar;12505191340;Fisioterapeuta;2236 05;24/09/2026;;Celetista;4.110,00;54.346.374/0001-92;;RIO-01;Clínica Botafogo;22090855;Rua das Palmeiras;534;Bloco B;Tijuca;Rio de Janeiro;RJ;(21) 3114-4467;(21) 99314-5389;simone.aguiar@enseada-serena.example;22024148;Rua do Comércio;89;Barra da Tijuca;Rio de Janeiro;RJ
005114;Vitor Correia;149.355.450-62;26/02/1996;M;Solteiro;Médio completo;Fernanda Santos Correia;18756792887;Recepcionista de clínica;4221 10;16/09/2026;;Celetista;1.740,00;54.346.374/0002-73;;RIO-02;Clínica Tijuca;22047598;Rua das Violetas;2383;Apto 32;Copacabana;Rio de Janeiro;RJ;;(21) 99327-5740;vitor.correia@enseada-serena.example;22011643;Rua Santa Clara;3483;Tijuca;Rio de Janeiro;RJ
005115;Matheus Monteiro;502.611.537-30;15/08/1996;M;Casado;Superior completo;Larissa Teixeira Monteiro;12766031772;Técnico de enfermagem;3222 05;16/09/2026;;Celetista;2.810,00;54.346.374/0001-92;;RIO-01;Clínica Botafogo;22044800;Rua São Pedro;1849;Fundos;Méier;Rio de Janeiro;RJ;;(21) 99372-7788;matheus.monteiro@enseada-serena.example;22024148;Rua do Comércio;89;Barra da Tijuca;Rio de Janeiro;RJ
005116;José Moreira;576.300.434-57;02/05/1990;M;Solteiro;Superior completo;Lúcia Rezende Moreira;19249848255;Técnico de enfermagem;3222 05;11/09/2026;;Celetista;3.100,00;54.346.374/0002-73;;RIO-02;Clínica Tijuca;22053397;Rua das Mangueiras;1208;Fundos;Campo Grande;Rio de Janeiro;RJ;(21) 3393-4501;(21) 99127-0762;jose.moreira@enseada-serena.example;22011643;Rua Santa Clara;3483;Tijuca;Rio de Janeiro;RJ
005117;Amanda Batista Carvalho;551.273.279-02;15/11/2000;F;Casada;Médio incompleto;Kelly Silva Carvalho;15922196894;Faxineiro;5143 20;13/09/2026;;Celetista;1.910,00;54.346.374/0002-73;;RIO-02;Clínica Tijuca;22018477;Rua dos Girassóis;864;;Copacabana;Rio de Janeiro;RJ;;(21) 98865-5452;amanda.carvalho@enseada-serena.example;22011643;Rua Santa Clara;3483;Tijuca;Rio de Janeiro;RJ
005118;Marcelo Aguiar;473.034.662-90;27/02/2005;M;Solteiro;Pós-graduação;Vanessa Carvalho Aguiar;18238676149;Fisioterapeuta;2236 05;15/09/2026;;Celetista;4.110,00;54.346.374/0001-92;;RIO-01;Clínica Botafogo;22029777;Rua das Andorinhas;2577;;Botafogo;Rio de Janeiro;RJ;;(21) 98892-7742;marcelo.aguiar@enseada-serena.example;22024148;Rua do Comércio;89;Barra da Tijuca;Rio de Janeiro;RJ
005119;Ricardo Lima Rezende;898.962.645-54;11/11/2005;M;Solteiro;Médio incompleto;Ana Araújo Rezende;15979769394;Recepcionista de clínica;4221 10;13/09/2026;;Celetista;2.030,00;54.346.374/0001-92;;RIO-01;Clínica Botafogo;22070726;Rua São Pedro;2695;;Copacabana;Rio de Janeiro;RJ;;(21) 98271-2312;ricardo.rezende@enseada-serena.example;22024148;Rua do Comércio;89;Barra da Tijuca;Rio de Janeiro;RJ
005120;Lúcia Barros;763.423.560-17;16/12/2001;F;Solteira;Superior completo;Patrícia Silva Barros;17834233347;Enfermeiro;2235 05;11/09/2026;;Celetista;4.840,00;54.346.374/0001-92;;RIO-01;Clínica Botafogo;22080007;Rua das Violetas;328;;Tijuca;Rio de Janeiro;RJ;;(21) 98433-4096;lucia.barros@enseada-serena.example;22024148;Rua do Comércio;89;Barra da Tijuca;Rio de Janeiro;RJ
005121;Antônio Dias Rezende;382.916.230-82;19/10/1993;M;Solteiro;Médio completo;Francisca Gomes Rezende;13301060987;Auxiliar de enfermagem;3222 30;19/09/2026;;Celetista;3.060,00;54.346.374/0002-73;;RIO-02;Clínica Tijuca;22062721;Travessa da Paz;2248;Bloco B;Campo Grande;Rio de Janeiro;RJ;;(21) 99478-5800;antonio.rezende@enseada-serena.example;22011643;Rua Santa Clara;3483;Tijuca;Rio de Janeiro;RJ
005122;Marta Sales Leite;948.610.298-80;04/06/1998;F;União estável;Superior completo;Adriana Siqueira Leite;19057810705;Enfermeiro;2235 05;21/09/2026;;Celetista;4.840,00;54.346.374/0001-92;;RIO-01;Clínica Botafogo;22047449;Rua do Mirante;1780;;Campo Grande;Rio de Janeiro;RJ;;(21) 98166-3567;marta.leite@enseada-serena.example;22024148;Rua do Comércio;89;Barra da Tijuca;Rio de Janeiro;RJ
