campo,grupo,tipo,obrigatorio,sensivel,uso_comercial_permitido,descricao,regra,nao_confundir_com,exemplo,igual_para_todos,minimo,maximo
matricula,Titular,MATRICULA,N,N,S,Identificador do funcionário dentro da empresa,Texto; preservar zeros à esquerda; único na empresa; opcional (a empresa que não usa matrícula não precisa enviar; o funcionário é identificado pelo CPF),CPF; código da unidade,00123,N,,
nome_completo,Titular,TEXTO,S,S,N,Nome completo do funcionário,Não corrigir nem abreviar,Nome da mãe; nome da unidade,Ana Almeida Prado,N,,
cpf,Titular,CPF,S,S,S,CPF do funcionário,11 dígitos com dígito verificador válido; guardar como texto,CNPJ; NIS/PIS; número do documento,12345678909,N,,
data_nascimento,Titular,DATA,S,S,N,Data de nascimento do funcionário,Data válida no passado,Data de admissão; data de emissão do documento,1990-05-17,N,,
sexo,Titular,DOMINIO,S,N,N,Sexo informado no cadastro,F ou M; a empresa sempre informa,Estado civil,F,N,,
estado_civil,Titular,DOMINIO,N,N,N,Estado civil do funcionário,"Solteiro, Casado, Divorciado, Viúvo ou União estável",Sexo,Casado,N,,
nome_mae,Titular,TEXTO,N,S,N,Nome da mãe do funcionário,Texto livre,Nome do funcionário,Maria Souza,N,,
nacionalidade,Titular,DOMINIO,N,N,N,País de nacionalidade,Nome do país em português,Naturalidade (cidade de nascimento),Brasileira,N,,
municipio_naturalidade,Titular,TEXTO,N,N,N,Cidade onde o funcionário nasceu,Nome do município,Município residencial; município comercial,Campinas,N,,
uf_naturalidade,Titular,UF,N,N,N,Estado onde o funcionário nasceu,Sigla com 2 letras,UF residencial; UF comercial,SP,N,,
nis_pis,Titular,TEXTO,N,S,N,Número do NIS/PIS/PASEP,11 dígitos,CPF; número do documento,12067890123,N,,
escolaridade,Titular,DOMINIO,N,N,N,Grau de instrução,Fundamental; Médio; Superior; Pós-graduação (completo ou incompleto),Cargo,Superior completo,N,,
tipo_documento,Documento,DOMINIO,N,N,N,Tipo do documento de identificação,RG ou CNH,Número do documento,RG,N,,
numero_documento,Documento,TEXTO,N,S,N,Número do documento de identificação,Texto; preservar zeros,CPF; NIS/PIS,12345678,N,,
orgao_emissor,Documento,TEXTO,N,N,N,Órgão que emitiu o documento,Sigla (ex.: SSP; DETRAN),UF emissora,SSP,N,,
uf_emissor,Documento,UF,N,N,N,Estado que emitiu o documento,Sigla com 2 letras,UF residencial,SP,N,,
data_emissao_documento,Documento,DATA,N,N,N,Data de emissão do documento,Data válida no passado,Data de nascimento; data de admissão,2015-03-02,N,,
cep_residencial,Endereço residencial,CEP,S,S,N,CEP da casa do funcionário,8 dígitos,CEP comercial (da unidade de trabalho),13010100,N,,
logradouro_residencial,Endereço residencial,TEXTO,S,S,N,"Rua, avenida etc. da casa do funcionário",Texto,Logradouro comercial,Rua das Palmeiras,N,,
numero_residencial,Endereço residencial,TEXTO,S,S,N,Número do endereço residencial,Texto (aceita S/N),Número comercial,245,N,,
complemento_residencial,Endereço residencial,TEXTO,N,S,N,"Complemento do endereço residencial (apto, bloco)",Texto,Complemento comercial,Apto 12,N,,
bairro_residencial,Endereço residencial,TEXTO,S,N,N,Bairro da casa do funcionário,Texto,Bairro comercial,Centro,N,,
municipio_residencial,Endereço residencial,TEXTO,S,N,N,Cidade onde o funcionário mora,Nome do município,Município comercial; naturalidade,Campinas,N,,
uf_residencial,Endereço residencial,UF,S,N,N,Estado onde o funcionário mora,Sigla com 2 letras,UF comercial; UF de naturalidade,SP,N,,
telefone_residencial,Telefones,TELEFONE,N,S,N,Telefone fixo do funcionário,DDD + número,Celular,(19) 3234-5678,N,,
telefone_celular,Telefones,TELEFONE,N,S,N,Celular do funcionário,DDD + número com 9 dígitos,Telefone fixo,(19) 98765-4321,N,,
email_pessoal,E-mails,EMAIL,N,S,N,E-mail pessoal do funcionário,Endereço de e-mail válido,E-mail corporativo,ana@pessoal.example,N,,
email_corporativo,E-mails,EMAIL,N,S,N,E-mail de trabalho do funcionário,Endereço de e-mail válido,E-mail pessoal,ana@empresa.example,N,,
cnpj_empregador,Cadastro empresarial,CNPJ,S,N,S,CNPJ da empresa empregadora,14 dígitos com dígito verificador válido,CPF; código da unidade,11222333000181,S,,
cnpj_grupo,Cadastro empresarial,CNPJ,N,N,S,"CNPJ da empresa principal do grupo, quando o empregador é outra empresa do grupo","14 dígitos com dígito verificador válido; precisa ser o CNPJ principal ou um CNPJ do grupo no cadastro da empresa (se não for, a empresa confirma uma vez e ele entra no cadastro)",CNPJ do empregador,,S,,
codigo_unidade,Cadastro empresarial,TEXTO,S,N,S,Código da unidade (filial) onde o funcionário trabalha,Texto,Matrícula; CNPJ,AUR-01,S,,
nome_unidade,Cadastro empresarial,TEXTO,S,N,S,Nome da unidade (filial) onde o funcionário trabalha,Texto,Nome do funcionário; departamento interno,Fábrica Campinas,S,,
cargo,Cadastro empresarial,TEXTO,S,N,N,Cargo ou função do funcionário,Texto; não determina fraude,Escolaridade; unidade,Analista,N,,
data_admissao,Cadastro empresarial,DATA,S,N,N,Data em que o funcionário foi contratado,"Data válida, não futura",Data de efetivação; data de nascimento,2020-02-03,N,,
data_efetivacao,Cadastro empresarial,DATA,N,N,N,Data em que o funcionário foi efetivado (fim da experiência),Igual ou posterior à admissão,Data de admissão,2020-05-03,N,,
tipo_renda,Renda,DOMINIO,S,N,N,Natureza da renda,"CLT, PRO_LABORE ou OUTROS; a empresa informa (Mensal, Horária ou Comissionada não viram CLT sozinhas)",Valor da renda,CLT,N,,
valor_renda,Renda,DECIMAL_MONETARIO,S,N,N,Salário bruto mensal (antes dos descontos) ou pró-labore,Maior ou igual a zero; duas casas decimais; abaixo do mínimo ou acima do máximo do parâmetro vira alerta,"Salário líquido; valor do crédito; ""Vencimentos"" sem qualificador; PLR; benefícios",5200.50,N,500.00,
data_referencia_renda,Renda,DATA,S,N,N,Data de referência da renda informada,Data válida,Data de admissão,2026-09-01,S,,
cep_comercial,Endereço comercial,CEP,S,N,S,CEP da unidade de trabalho,8 dígitos,CEP residencial (da casa),13010200,S,,
logradouro_comercial,Endereço comercial,TEXTO,S,N,N,"Rua, avenida etc. da unidade de trabalho",Texto,Logradouro residencial,Avenida Industrial,S,,
numero_comercial,Endereço comercial,TEXTO,S,N,N,Número do endereço da unidade,Texto,Número residencial,1500,S,,
complemento_comercial,Endereço comercial,TEXTO,N,N,N,"Complemento do endereço da unidade (sala, andar)",Texto,Complemento residencial,Sala 3,S,,
bairro_comercial,Endereço comercial,TEXTO,S,N,N,Bairro da unidade de trabalho,Texto,Bairro residencial,Distrito Empresarial,S,,
municipio_comercial,Endereço comercial,TEXTO,S,N,S,Cidade da unidade de trabalho (define a região nas análises),Nome do município,Município residencial,Campinas,S,,
uf_comercial,Endereço comercial,UF,S,N,S,Estado da unidade de trabalho,Sigla com 2 letras,UF residencial,SP,S,,
