MATRICULA,NOME,NR_CPF,DT_NASC,SEXO,NR_PIS,DS_CARGO,CD_CBO,DT_ADMISSAO,DT_EFETIVACAO,TP_VINCULO,VL_SALARIO,CNPJ_ESTAB,CD_UNIDADE,NM_UNIDADE,CEP_RES,LOGRADOURO_RES,NUM_RES,BAIRRO_RES,CIDADE_RES,UF_RES,TEL_CELULAR,EMAIL_CORP,CEP_TRAB,LOGRADOURO_TRAB,NUM_TRAB,BAIRRO_TRAB,CIDADE_TRAB,UF_TRAB
003518,CARLOS SOARES,36241140850,1993-12-24,M,11708773793,Montador de eletrônicos,731110,2026-08-16,,CLT,2080.00,16722761000197,MAO-01,Fábrica Distrito Industrial,69037286,Rua das Acácias,2627,Aleixo,Manaus,AM,(92) 98407-7793,carlos.soares@jacamim.example,69088487,Avenida das Nações,1227,Cidade Nova,Manaus,AM
003519,BRUNO CAVALCANTI NASCIMENTO,37974873558,1999-02-11,M,17532064516,Montador de eletrônicos,731110,2026-08-10,,CLT,2680.00,16722761000197,MAO-01,Fábrica Distrito Industrial,69008207,Rua Santa Clara,1548,Aleixo,Manaus,AM,(92) 98610-1797,bruno.nascimento@jacamim.example,69088487,Avenida das Nações,1227,Cidade Nova,Manaus,AM
003520,HENRIQUE LIMA BRITO,86674362409,2004-07-26,M,12215491606,Montador de eletrônicos,731110,2026-08-06,,CLT,2280.00,16722761000197,MAO-01,Fábrica Distrito Industrial,69085644,Rua do Sol Nascente,1091,Cidade Nova,Manaus,AM,(92) 99577-4127,henrique.brito@jacamim.example,69088487,Avenida das Nações,1227,Cidade Nova,Manaus,AM
003521,HELENA MACEDO FERREIRA,37695594954,2000-09-23,F,15099507877,Inspetor de qualidade,391205,2026-08-27,,CLT,4130.00,16722761000197,MAO-01,Fábrica Distrito Industrial,69063776,Rua das Gaivotas,12,Japiim,Manaus,AM,(92) 99470-8518,helena.ferreira@jacamim.example,69088487,Avenida das Nações,1227,Cidade Nova,Manaus,AM
003522,MÔNICA ARAÚJO ALVES,56454547400,2001-02-03,F,19140157903,Montador de eletrônicos,731110,2026-08-11,,CLT,2080.00,16722761000197,MAO-01,Fábrica Distrito Industrial,69074106,Rua das Mangueiras,2643,Flores,Manaus,AM,(92) 99834-8242,monica.alves@jacamim.example,69088487,Avenida das Nações,1227,Cidade Nova,Manaus,AM
003523,SANDRA MAGALHÃES,00789674815,2001-01-04,F,19413842761,Montador de eletrônicos,731110,2026-08-21,,CLT,2080.00,16722761000278,MAO-02,Centro de Distribuição,69059965,Rua do Bosque,2341,Japiim,Manaus,AM,(92) 99175-7598,sandra.magalhaes@jacamim.example,69074116,Avenida Beira Rio,169,Cidade Nova,Manaus,AM
003524,RENATO MENDES CORREIA,48837840969,2004-08-21,M,15544021835,Faxineiro,514320,2026-08-08,,CLT,1630.00,16722761000197,MAO-01,Fábrica Distrito Industrial,69015245,Rua do Bosque,29,Aleixo,Manaus,AM,(92) 98441-0697,renato.correia@jacamim.example,69088487,Avenida das Nações,1227,Cidade Nova,Manaus,AM
003525,EDUARDA XAVIER,66350224817,1997-01-01,F,19431593959,Analista de recursos humanos,252405,2026-08-11,,CLT,5640.00,16722761000197,MAO-01,Fábrica Distrito Industrial,69061724,Rua do Bosque,911,Parque Dez,Manaus,AM,(92) 98351-8858,eduarda.xavier@jacamim.example,69088487,Avenida das Nações,1227,Cidade Nova,Manaus,AM
003526,JULIANA RODRIGUES,58694225662,2003-12-18,F,12187596914,Montador de eletrônicos,731110,2026-08-15,,CLT,2480.00,16722761000278,MAO-02,Centro de Distribuição,69049917,Rua das Flores do Campo,2326,Parque Dez,Manaus,AM,(92) 98429-0622,juliana.rodrigues@jacamim.example,69074116,Avenida Beira Rio,169,Cidade Nova,Manaus,AM
003527,RAFAELA FARIAS RAMOS,36360289288,1992-08-08,F,12413850463,Operador de empilhadeira,782220,2026-08-24,,CLT,2500.00,16722761000197,MAO-01,Fábrica Distrito Industrial,69091090,Avenida das Nações,2623,Parque Dez,Manaus,AM,(92) 99678-5792,rafaela.ramos@jacamim.example,69088487,Avenida das Nações,1227,Cidade Nova,Manaus,AM
003528,RAIMUNDO SOUZA ROCHA,19484737200,1992-12-12,M,19919833776,Operador de empilhadeira,782220,2026-08-13,,CLT,2500.00,16722761000197,MAO-01,Fábrica Distrito Industrial,69083743,Rua da Esperança,903,Cidade Nova,Manaus,AM,(92) 98139-6596,raimundo.rocha@jacamim.example,69088487,Avenida das Nações,1227,Cidade Nova,Manaus,AM
003529,VITOR FERNANDES ALVES,81154805921,1997-02-02,M,11468320585,Operador de empilhadeira,782220,2026-08-14,,CLT,2500.00,16722761000278,MAO-02,Centro de Distribuição,69053718,Rua das Hortênsias,1304,Cidade Nova,Manaus,AM,(92) 99934-4244,vitor.alves@jacamim.example,69074116,Avenida Beira Rio,169,Cidade Nova,Manaus,AM
003530,CARLOS CAVALCANTI FREITAS,44022745592,1995-03-31,M,18692425304,Técnico em segurança do trabalho,351605,2026-08-23,,CLT,5910.00,16722761000197,MAO-01,Fábrica Distrito Industrial,69028695,Rua dos Cravos,926,Parque Dez,Manaus,AM,(92) 98993-0989,carlos.freitas@jacamim.example,69088487,Avenida das Nações,1227,Cidade Nova,Manaus,AM
003531,CAROLINA CASTRO,91344360220,1983-03-04,F,14902653434,Faxineiro,514320,2026-08-23,,CLT,1770.00,16722761000197,MAO-01,Fábrica Distrito Industrial,69047254,Avenida Central,367,Cidade Nova,Manaus,AM,(92) 98869-2959,carolina.castro@jacamim.example,69088487,Avenida das Nações,1227,Cidade Nova,Manaus,AM
003532,MATHEUS BORGES,22226654429,1982-04-09,M,13796838433,Montador de eletrônicos,731110,2026-08-08,,CLT,2280.00,16722761000197,MAO-01,Fábrica Distrito Industrial,69034195,Rua das Andorinhas,2681,Cidade Nova,Manaus,AM,(92) 98267-1067,matheus.borges@jacamim.example,69088487,Avenida das Nações,1227,Cidade Nova,Manaus,AM
003533,RODRIGO SALES SALES,09615344192,1986-12-21,M,14655345325,Montador de eletrônicos,731110,2026-08-31,,CLT,2080.00,16722761000197,MAO-01,Fábrica Distrito Industrial,69059294,Rua das Hortênsias,1915,Japiim,Manaus,AM,(92) 99236-9151,rodrigo.sales@jacamim.example,69088487,Avenida das Nações,1227,Cidade Nova,Manaus,AM
003534,GUSTAVO MIRANDA MOURA,35932773952,1998-07-27,M,10057878736,Técnico de manutenção eletrônica,313205,2026-08-10,,CLT,4030.00,16722761000197,MAO-01,Fábrica Distrito Industrial,69062026,Rua dos Girassóis,2433,Japiim,Manaus,AM,(92) 98804-0735,gustavo.moura@jacamim.example,69088487,Avenida das Nações,1227,Cidade Nova,Manaus,AM
003535,LÚCIA FERNANDES,30743578198,1983-01-15,F,10220456062,Operador de empilhadeira,782220,2026-08-15,,CLT,3490.00,16722761000278,MAO-02,Centro de Distribuição,69097899,Rua das Flores do Campo,1755,Japiim,Manaus,AM,(92) 98547-3653,lucia.fernandes@jacamim.example,69074116,Avenida Beira Rio,169,Cidade Nova,Manaus,AM
003536,LUCAS PAIVA BORGES,98861818854,2004-11-28,M,13317540341,Montador de eletrônicos,731110,2026-08-24,,CLT,2480.00,16722761000197,MAO-01,Fábrica Distrito Industrial,69022024,Rua das Flores do Campo,434,Distrito Industrial,Manaus,AM,(92) 98645-8893,lucas.borges@jacamim.example,69088487,Avenida das Nações,1227,Cidade Nova,Manaus,AM
003537,VITOR MOREIRA,67260849274,2001-04-10,M,10489121614,Montador de eletrônicos,731110,2026-08-09,,CLT,2280.00,16722761000278,MAO-02,Centro de Distribuição,69025531,Rua do Bosque,1912,Aleixo,Manaus,AM,(92) 98964-4482,vitor.moreira@jacamim.example,69074116,Avenida Beira Rio,169,Cidade Nova,Manaus,AM
003538,RAFAELA ROCHA FERNANDES,93022901232,2004-06-23,F,17682772302,Alimentador de linha de produção,784205,2026-08-15,,CLT,2110.00,16722761000197,MAO-01,Fábrica Distrito Industrial,69045720,Rua das Flores do Campo,247,Distrito Industrial,Manaus,AM,(92) 98166-4593,rafaela.fernandes@jacamim.example,69088487,Avenida das Nações,1227,Cidade Nova,Manaus,AM
003539,TATIANE PAIVA NASCIMENTO,79591544650,2001-04-12,F,18828066687,Alimentador de linha de produção,784205,2026-08-11,,CLT,2570.00,16722761000197,MAO-01,Fábrica Distrito Industrial,69094594,Rua das Palmeiras,364,Distrito Industrial,Manaus,AM,(92) 99808-5364,tatiane.nascimento@jacamim.example,69088487,Avenida das Nações,1227,Cidade Nova,Manaus,AM
003540,AMANDA FIGUEIREDO MAGALHÃES,43428016394,1996-11-08,F,11972042556,Técnico em segurança do trabalho,351605,2026-08-20,,CLT,5180.00,16722761000197,MAO-01,Fábrica Distrito Industrial,69098888,Rua das Gaivotas,244,Flores,Manaus,AM,(92) 98831-5344,amanda.magalhaes@jacamim.example,69088487,Avenida das Nações,1227,Cidade Nova,Manaus,AM
003541,LÚCIA PEIXOTO,28549770418,1991-06-19,F,16983770478,Alimentador de linha de produção,784205,2026-08-08,,CLT,2110.00,16722761000197,MAO-01,Fábrica Distrito Industrial,69094037,Rua do Bosque,1551,Flores,Manaus,AM,(92) 99157-2848,lucia.peixoto@jacamim.example,69088487,Avenida das Nações,1227,Cidade Nova,Manaus,AM
003542,OLÍVIA COELHO,36895500685,2003-07-31,F,16854409934,Alimentador de linha de produção,784205,2026-08-10,,CLT,1880.00,16722761000278,MAO-02,Centro de Distribuição,69091773,Rua da Liberdade,1348,Japiim,Manaus,AM,(92) 99593-5585,olivia.coelho@jacamim.example,69074116,Avenida Beira Rio,169,Cidade Nova,Manaus,AM
003543,MARTA COELHO,38780331254,1996-05-30,F,19546681066,Montador de eletrônicos,731110,2026-08-26,,CLT,2480.00,16722761000197,MAO-01,Fábrica Distrito Industrial,69029011,Rua Nova,2447,Cidade Nova,Manaus,AM,(92) 99255-0438,marta.coelho@jacamim.example,69088487,Avenida das Nações,1227,Cidade Nova,Manaus,AM
003544,FERNANDA NASCIMENTO COSTA,94759377069,1995-02-28,F,18291822575,Alimentador de linha de produção,784205,2026-08-15,,CLT,2570.00,16722761000197,MAO-01,Fábrica Distrito Industrial,69042213,Rua das Flores do Campo,402,Aleixo,Manaus,AM,(92) 99453-2970,fernanda.costa@jacamim.example,69088487,Avenida das Nações,1227,Cidade Nova,Manaus,AM
003545,LUCIANA TAVARES MACEDO,11935764748,2001-02-22,F,17314705086,Inspetor de qualidade,391205,2026-08-11,,CLT,3400.00,16722761000197,MAO-01,Fábrica Distrito Industrial,69024859,Rua das Violetas,1820,Japiim,Manaus,AM,(92) 98720-6580,luciana.macedo@jacamim.example,69088487,Avenida das Nações,1227,Cidade Nova,Manaus,AM
003546,MARCELO PRADO BARROS,75219394681,2004-04-22,M,14706236124,Montador de eletrônicos,731110,2026-08-28,,CLT,2080.00,16722761000278,MAO-02,Centro de Distribuição,69010642,Rua Três Marias,2750,Cidade Nova,Manaus,AM,(92) 99571-1151,marcelo.barros@jacamim.example,69074116,Avenida Beira Rio,169,Cidade Nova,Manaus,AM
003547,PEDRO MENDES CARDOSO,34905279500,1999-09-20,M,15794430007,Montador de eletrônicos,731110,2026-08-30,,CLT,2680.00,16722761000197,MAO-01,Fábrica Distrito Industrial,69049476,Rua da Liberdade,903,Japiim,Manaus,AM,(92) 99094-6490,pedro.cardoso@jacamim.example,69088487,Avenida das Nações,1227,Cidade Nova,Manaus,AM
003548,FLÁVIA CARVALHO,01978118090,2000-09-28,F,18094901516,Inspetor de qualidade,391205,2026-08-17,,CLT,4130.00,16722761000197,MAO-01,Fábrica Distrito Industrial,69010874,Rua do Bosque,2233,Aleixo,Manaus,AM,(92) 98173-4155,flavia.carvalho@jacamim.example,69088487,Avenida das Nações,1227,Cidade Nova,Manaus,AM
003549,CARLOS MIRANDA,30969514700,2005-12-10,M,11779646361,Técnico de manutenção eletrônica,313205,2026-08-18,,CLT,7220.00,16722761000197,MAO-01,Fábrica Distrito Industrial,69063270,Rua das Palmeiras,2784,Aleixo,Manaus,AM,(92) 99788-4221,carlos.miranda@jacamim.example,69088487,Avenida das Nações,1227,Cidade Nova,Manaus,AM
