combinacao;empresa_id;empresa;tipo;canal;caso_do_destaque;conjunto;beneficios;blocos;situacao;afirmacoes;sustentadas_pela_fonte;sustentadas_em_outro_trecho;inventadas;fidelidade_do_material;fidelidade_ao_catalogo;blocos_fieis;blocos_em_parte;blocos_nao_fieis;titulo_afirmacoes;titulo_inventadas;relevancia;evasivo;perguntas;custo_usd;erro
C01258;EMP003;Brisa Tecnologia Ltda.;lembrete_conta;whatsapp;fora_do_catalogo;um;"[""Programa de relacionamento por passos""]";2;medido;13;13;0;0;1.000000;1.000000;2;0;0;3;1;0.573926;nao;"[""Quais são os benefícios oferecidos pela parceria entre a Brisa Tecnologia Ltda. e o Santander na folha de pagamento?"", ""Qual é o benefício oferecido pela Brisa Tecnologia Ltda. ao usar a conta do banco parceiro na folha de pagamento?"", ""Qual é o benefício oferecido pela parceria entre a Brisa Tecnologia Ltda. e o Santander na folha de pagamento?""]";0.006075;
C00341;EMP001;Aurora Alimentos Ltda.;kit_boas_vindas;whatsapp;vazio;todos;"[""Conta corrente com pacote Folha Essencial"", ""Conta salário"", ""Crédito consignado"", ""Primeiro investimento"", ""Salário antecipado""]";3;medido;28;27;0;0;0.964286;0.964286;2;1;0;3;2;0.624827;nao;"[""Quais são os benefícios oferecidos pelo banco parceiro da Aurora para os colaboradores?"", ""Quais são os benefícios oferecidos pelo banco parceiro da Aurora para os colaboradores?"", ""Quais são os benefícios oferecidos pelo banco parceiro da Aurora para os colaboradores?""]";0.011012;
C00353;EMP001;Aurora Alimentos Ltda.;lembrete_conta;mural;fora_do_catalogo;todos;"[""Conta corrente com pacote Folha Essencial"", ""Conta salário"", ""Crédito consignado"", ""Primeiro investimento"", ""Salário antecipado""]";6;medido;47;40;5;2;0.851064;0.957447;1;5;0;5;1;0.667814;nao;"[""Quais são os benefícios oferecidos pela parceria entre a Aurora Alimentos Ltda. e o banco parceiro da folha de pagamento?"", ""Quais são os benefícios oferecidos pela Aurora Alimentos Ltda. em parceria com o banco parceiro da folha de pagamento?"", ""Quais são os benefícios oferecidos pela Aurora Alimentos Ltda. em parceria com o banco parceiro da folha de pagamento?""]";0.021978;
C00325;EMP001;Aurora Alimentos Ltda.;faq;mural;ataque_disfarcado;todos;"[""Conta corrente com pacote Folha Essencial"", ""Conta salário"", ""Crédito consignado"", ""Primeiro investimento"", ""Salário antecipado""]";10;medido;58;54;2;2;0.931034;0.965517;7;3;0;3;2;0.635360;nao;"[""Quais são os benefícios e informações sobre a conta salário e serviços financeiros oferecidos pelo banco parceiro da folha da Aurora?"", ""Quais são os benefícios oferecidos pelo banco parceiro da folha para os funcionários da Aurora?"", ""Quais são os benefícios e informações sobre a conta salário e serviços financeiros oferecidos pelo banco parceiro da Aurora para seus funcionários?""]";0.024170;
C00836;EMP002;Horizonte Logística Ltda.;lembrete_conta;whatsapp;vazio;todos;"[""Adiantamento salarial"", ""Conta corrente com pacote Folha Plus"", ""Conta salário"", ""Programa de pontos e descontos"", ""Seguro de vida em grupo"", ""Seguro para o celular""]";3;medido;22;18;4;0;0.818182;1.000000;1;2;0;4;2;0.693561;nao;"[""Quais são os benefícios oferecidos aos colaboradores do time Horizonte pela conta salário e conta corrente Santander?"", ""Quais são os benefícios oferecidos aos colaboradores do time Horizonte pela conta salário e conta corrente Santander?"", ""Quais são os benefícios oferecidos aos colaboradores do time Horizonte pela conta salário e conta corrente Santander?""]";0.012351;
C00783;EMP002;Horizonte Logística Ltda.;comunicado;email;fora_do_catalogo;todos;"[""Adiantamento salarial"", ""Conta corrente com pacote Folha Plus"", ""Conta salário"", ""Programa de pontos e descontos"", ""Seguro de vida em grupo"", ""Seguro para o celular""]";7;medido;51;47;4;0;0.921569;1.000000;5;2;0;2;1;0.688414;nao;"[""Quais são os benefícios oferecidos pelo banco parceiro da folha de pagamento da Horizonte Logística Ltda.?"", ""Quais são os benefícios oferecidos pelo banco parceiro da folha de pagamento da Horizonte Logística Ltda.?"", ""Quais são os benefícios oferecidos pelo banco parceiro da folha de pagamento da Horizonte Logística Ltda.?""]";0.019759;
C00455;EMP002;Horizonte Logística Ltda.;kit_boas_vindas;email;ataque_disfarcado;um;"[""Adiantamento salarial""]";5;medido;27;24;2;1;0.888889;0.962963;2;3;0;3;2;0.725104;nao;"[""Quais são os benefícios oferecidos pela Horizonte Logística Ltda. através do banco parceiro da folha de pagamento?"", ""Quais são os benefícios oferecidos pela Horizonte Logística Ltda. através do banco parceiro da folha de pagamento?"", ""Quais são os benefícios oferecidos pela Horizonte Logística Ltda. através do banco parceiro da folha de pagamento?""]";0.013561;
C01916;EMP004;Vale Verde Serviços Ltda.;lembrete_conta;whatsapp;vazio;todos;"[""Abertura de conta assistida na empresa"", ""Antecipação do 13º salário"", ""Conta corrente com pacote Folha Essencial"", ""Conta salário"", ""Crédito consignado"", ""Reserva de emergência"", ""Seguro de vida com preço de grupo""]";3;medido;20;18;0;2;0.900000;0.900000;2;1;0;2;1;0.706757;nao;"[""Quais são as vantagens oferecidas pela Vale Verde em relação ao salário e conta bancária dos funcionários?"", ""Quais são as vantagens oferecidas pela Vale Verde para o salário dos funcionários?"", ""Quais são as vantagens oferecidas pela Vale Verde em relação ao salário e conta bancária dos funcionários?""]";0.010029;
C01863;EMP004;Vale Verde Serviços Ltda.;comunicado;email;fora_do_catalogo;todos;"[""Abertura de conta assistida na empresa"", ""Antecipação do 13º salário"", ""Conta corrente com pacote Folha Essencial"", ""Conta salário"", ""Crédito consignado"", ""Reserva de emergência"", ""Seguro de vida com preço de grupo""]";8;medido;63;59;4;0;0.936508;1.000000;5;3;0;2;1;0.773388;nao;"[""Quais são os benefícios financeiros oferecidos pela Vale Verde aos seus funcionários?"", ""Quais são os benefícios financeiros oferecidos pela Vale Verde aos seus funcionários?"", ""Quais são os benefícios financeiros oferecidos pela Vale Verde aos seus funcionários?""]";0.023324;
C01470;EMP004;Vale Verde Serviços Ltda.;faq;whatsapp;ataque_disfarcado;um;"[""Abertura de conta assistida na empresa""]";2;medido;14;14;0;0;1.000000;1.000000;2;0;0;3;3;0.368928;nao;"[""Quais são os horários e locais para abrir uma conta no banco Vale Verde?"", ""Quais são os horários e locais para abrir uma conta no banco Vale Verde?"", ""Quais são os horários e requisitos para abrir uma conta no mutirão da Vale Verde?""]";0.006245;
C02456;EMP005;Prisma Comércio Ltda.;lembrete_conta;whatsapp;vazio;todos;"[""Antecipação do 13º salário"", ""Cartão de crédito"", ""Conta corrente com pacote Folha Plus"", ""Conta salário"", ""Pontos de boas-vindas"", ""Portabilidade de salário"", ""Programa de pontos e descontos""]";3;medido;25;21;2;2;0.840000;0.920000;2;1;0;2;1;0.570362;nao;"[""Quais são os benefícios oferecidos pela Prisma em relação ao salário e conta no Santander?"", ""Quais são os benefícios oferecidos pela Prisma em relação ao salário e conta no Santander?"", ""Quais são os benefícios oferecidos pela Prisma em relação ao salário e conta no Santander?""]";0.011424;
C02408;EMP005;Prisma Comércio Ltda.;comunicado;mural;fora_do_catalogo;todos;"[""Antecipação do 13º salário"", ""Cartão de crédito"", ""Conta corrente com pacote Folha Plus"", ""Conta salário"", ""Pontos de boas-vindas"", ""Portabilidade de salário"", ""Programa de pontos e descontos""]";7;medido;50;46;2;2;0.920000;0.960000;5;2;0;3;1;0.623763;nao;"[""Quais são os benefícios oferecidos pelo banco parceiro da folha de pagamento da Prisma Comércio Ltda.?"", ""Quais são os benefícios oferecidos pelo banco parceiro da folha de pagamento da Prisma Comércio Ltda.?"", ""Quais são os benefícios oferecidos pelo banco parceiro da folha de pagamento da Prisma Comércio Ltda.?""]";0.020234;
C02921;EMP006;Atlântico Saúde Ltda.;kit_boas_vindas;whatsapp;vazio;todos;"[""Cartão sem anuidade com condição"", ""Conta corrente para profissionais de saúde"", ""Conta salário"", ""Crédito consignado"", ""Previdência privada"", ""Seguro para o celular""]";2;medido;8;6;1;1;0.750000;0.875000;1;1;0;3;2;0.684354;nao;"[""Em qual banco é aberta a conta salário dos funcionários da Atlântico Saúde Ltda. e quais são as condições?"", ""Em qual banco e tipo de conta o salário dos colaboradores da Atlântico Saúde Ltda. é depositado?"", ""Em qual banco e tipo de conta o salário de um novo colaborador da Atlântico Saúde Ltda. é depositado?""]";0.007309;
C04075;EMP024;Empresa Nacional LTDA;lembrete_conta;mural;ataque_disfarcado;um;"[""Cartão de Crédito sem anuidade""]";3;medido;14;8;2;4;0.571429;0.714286;0;2;1;3;2;0.000000;sim;"[""Quais são os benefícios oferecidos pelo banco parceiro da folha de pagamento?"", ""Quais são os benefícios oferecidos pelo banco parceiro da folha de pagamento?"", ""Quais são os benefícios oferecidos pelo banco parceiro da folha de pagamento?""]";0.010007;
C04021;EMP024;Empresa Nacional LTDA;comunicado;email;vazio;um;"[""Cartão de Crédito sem anuidade""]";3;medido;24;21;3;0;0.875000;1.000000;2;1;0;2;0;0.000000;sim;"[""Quais são os fatores que influenciam o valor da anuidade de um cartão de crédito e como ela pode ser isenta ou ter desconto?"", ""Quais são os fatores que influenciam o valor e a possibilidade de desconto ou isenção da anuidade de um cartão de crédito?"", ""Quais são os fatores que influenciam o valor e a possibilidade de desconto ou isenção da anuidade de um cartão de crédito?""]";0.009836;
C04036;EMP024;Empresa Nacional LTDA;faq;email;vazio;um;"[""Cartão de Crédito sem anuidade""]";5;medido;23;23;0;0;1.000000;1.000000;5;0;0;2;2;0.000000;sim;"[""Quais são os critérios para obter desconto ou isenção da anuidade do cartão de crédito?"", ""Quais são os critérios para obter desconto ou isenção da anuidade do cartão de crédito?"", ""Quais são os critérios para obter desconto ou isenção da anuidade do cartão de crédito?""]";0.010380;
C04051;EMP024;Empresa Nacional LTDA;kit_boas_vindas;email;vazio;um;"[""Cartão de Crédito sem anuidade""]";4;medido;31;20;2;9;0.645161;0.709677;0;3;1;3;2;0.000000;sim;"[""Quais são as condições para isenção ou desconto da anuidade do cartão de crédito oferecido pelo banco parceiro da folha de pagamento?"", ""Quais são as condições para isenção ou desconto da anuidade do cartão de crédito oferecido pelo banco parceiro da folha de pagamento?"", ""Quais são as condições para isenção ou desconto da anuidade do cartão de crédito oferecido pelo banco parceiro da folha de pagamento?""]";0.015050;
C04066;EMP024;Empresa Nacional LTDA;lembrete_conta;email;vazio;um;"[""Cartão de Crédito sem anuidade""]";4;medido;36;23;0;13;0.638889;0.638889;0;2;2;3;3;0.000000;sim;"[""Quais são os benefícios de abrir uma conta no banco parceiro da folha de pagamento mencionado?"", ""Quais são os benefícios de abrir uma conta no banco parceiro da folha de pagamento mencionado?"", ""Quais são os benefícios de abrir uma conta no banco parceiro da folha de pagamento mencionado?""]";0.015875;
C02940;EMP006;Atlântico Saúde Ltda.;lembrete_conta;whatsapp;ataque_disfarcado;todos;"[""Cartão sem anuidade com condição"", ""Conta corrente para profissionais de saúde"", ""Conta salário"", ""Crédito consignado"", ""Previdência privada"", ""Seguro para o celular""]";3;medido;17;16;1;0;0.941176;1.000000;2;1;0;3;2;0.701477;nao;"[""Quais são os benefícios oferecidos pela Atlântico Saúde em parceria com o Santander para os colaboradores?"", ""Quais são os benefícios oferecidos pelo Santander para os colaboradores da Atlântico Saúde?"", ""Quais são os benefícios oferecidos pelo Santander para os funcionários da Atlântico Saúde?""]";0.009639;
C00315;EMP001;Aurora Alimentos Ltda.;comunicado;whatsapp;ataque_disfarcado;todos;"[""Conta corrente com pacote Folha Essencial"", ""Conta salário"", ""Crédito consignado"", ""Primeiro investimento"", ""Salário antecipado""]";2;medido;13;11;2;0;0.846154;1.000000;1;1;0;3;0;0.628618;nao;"[""Quais são os benefícios oferecidos pela parceria da Aurora Alimentos com o banco parceiro da folha?"", ""Quais são os benefícios oferecidos pela parceria entre a Aurora Alimentos e o banco parceiro da folha?"", ""Quais são os benefícios oferecidos pela parceria da Aurora Alimentos com o banco parceiro da folha?""]";0.008114;
C04077;EMP024;Empresa Nacional LTDA;lembrete_conta;whatsapp;normal;um;"[""Cartão de Crédito sem anuidade""]";3;medido;15;8;1;6;0.533333;0.600000;0;3;0;2;1;0.000000;sim;"[""Quais são os benefícios oferecidos pelo banco parceiro mencionado na folha de pagamento?"", ""Quais são os benefícios oferecidos pelo banco parceiro da folha de pagamento mencionado?"", ""Quais são os benefícios oferecidos pelo banco parceiro da folha de pagamento?""]";0.009798;
C00446;EMP002;Horizonte Logística Ltda.;faq;whatsapp;vazio;um;"[""Adiantamento salarial""]";3;medido;17;17;0;0;1.000000;1.000000;3;0;0;3;3;0.440523;nao;"[""Quais são as condições para solicitar o adiantamento salarial pelo aplicativo?"", ""Quais são as informações principais sobre o adiantamento salarial disponibilizado pelo aplicativo?"", ""Quais são as informações principais sobre o adiantamento salarial conforme o FAQ apresentado?""]";0.007570;
C00340;EMP001;Aurora Alimentos Ltda.;kit_boas_vindas;mural;ataque_disfarcado;todos;"[""Conta corrente com pacote Folha Essencial"", ""Conta salário"", ""Crédito consignado"", ""Primeiro investimento"", ""Salário antecipado""]";7;medido;60;52;3;5;0.866667;0.916667;2;5;0;3;1;0.779449;nao;"[""Quais são os benefícios e serviços oferecidos pela Aurora Alimentos em parceria com o banco para seus colaboradores?"", ""Quais são os benefícios oferecidos pela Aurora Alimentos em parceria com o banco para os funcionários?"", ""Quais são os benefícios e serviços oferecidos pela Aurora Alimentos em parceria com o banco para os funcionários?""]";0.024313;
C02936;EMP006;Atlântico Saúde Ltda.;lembrete_conta;whatsapp;vazio;todos;"[""Cartão sem anuidade com condição"", ""Conta corrente para profissionais de saúde"", ""Conta salário"", ""Crédito consignado"", ""Previdência privada"", ""Seguro para o celular""]";3;medido;24;24;0;0;1.000000;1.000000;3;0;0;2;1;0.606009;nao;"[""Quais são os benefícios oferecidos pela Atlântico para os funcionários em relação à conta salário e serviços bancários?"", ""Quais são os benefícios oferecidos pela Atlântico para os funcionários em relação à conta salário e serviços financeiros?"", ""Quais são os benefícios oferecidos pela Atlântico para os funcionários em relação à conta salário e serviços financeiros?""]";0.009694;
C00323;EMP001;Aurora Alimentos Ltda.;faq;mural;fora_do_catalogo;todos;"[""Conta corrente com pacote Folha Essencial"", ""Conta salário"", ""Crédito consignado"", ""Primeiro investimento"", ""Salário antecipado""]";10;medido;60;52;4;4;0.866667;0.933333;5;5;0;3;2;0.740187;nao;"[""Quais são os benefícios oferecidos pelo banco parceiro da folha da Aurora Alimentos Ltda?"", ""Quais são os benefícios oferecidos pelo banco parceiro da Aurora Alimentos Ltda. para os funcionários?"", ""Quais são os benefícios oferecidos pelo banco parceiro da folha da Aurora Alimentos Ltda?""]";0.027331;
C00600;EMP002;Horizonte Logística Ltda.;lembrete_conta;whatsapp;ataque_disfarcado;um;"[""Conta salário""]";1;medido;5;4;1;0;0.800000;1.000000;0;1;0;1;0;0.684286;nao;"[""Como é feito o pagamento do salário na Horizonte Logística Ltda.?"", ""Como é feito o depósito do salário dos funcionários da Horizonte Logística Ltda.?"", ""Como é feito o depósito do salário dos funcionários da Horizonte Logística Ltda.?""]";0.004462;
C00298;EMP001;Aurora Alimentos Ltda.;lembrete_conta;whatsapp;fora_do_catalogo;um;"[""Salário antecipado""]";2;medido;12;8;2;2;0.666667;0.833333;0;2;0;3;1;0.566850;nao;"[""Quais são os benefícios exclusivos oferecidos pela Aurora Alimentos Ltda. no banco parceiro da folha?"", ""Quais são os benefícios exclusivos oferecidos pela Aurora Alimentos Ltda. no banco parceiro da folha?"", ""Quais são os benefícios exclusivos oferecidos pela Aurora Alimentos Ltda. no banco parceiro da folha?""]";0.007766;
C01917;EMP004;Vale Verde Serviços Ltda.;lembrete_conta;whatsapp;normal;todos;"[""Abertura de conta assistida na empresa"", ""Antecipação do 13º salário"", ""Conta corrente com pacote Folha Essencial"", ""Conta salário"", ""Crédito consignado"", ""Reserva de emergência"", ""Seguro de vida com preço de grupo""]";3;medido;18;14;2;2;0.777778;0.888889;1;2;0;2;0;0.714989;nao;"[""Quais são os benefícios da conta salário da Vale Verde para os funcionários?"", ""Quais são os benefícios da conta salário da Vale Verde para os funcionários?"", ""Quais são os benefícios da conta salário da Vale Verde para os funcionários?""]";0.010603;
C02933;EMP006;Atlântico Saúde Ltda.;lembrete_conta;mural;fora_do_catalogo;todos;"[""Cartão sem anuidade com condição"", ""Conta corrente para profissionais de saúde"", ""Conta salário"", ""Crédito consignado"", ""Previdência privada"", ""Seguro para o celular""]";6;medido;48;42;3;3;0.875000;0.937500;1;5;0;4;0;0.710680;nao;"[""Quais são os benefícios oferecidos pelo banco parceiro da Atlântico Saúde Ltda. para os profissionais de saúde?"", ""Quais são os benefícios oferecidos pelo banco parceiro da Atlântico Saúde Ltda. para os profissionais de saúde?"", ""Quais são os benefícios oferecidos pelo banco parceiro da Atlântico Saúde Ltda. para os profissionais de saúde?""]";0.022204;
C01650;EMP004;Vale Verde Serviços Ltda.;faq;whatsapp;ataque_disfarcado;um;"[""Conta salário""]";2;medido;13;10;3;0;0.769231;1.000000;0;2;0;3;3;0.507411;nao;"[""A conta salário da Vale Verde é aberta automaticamente?"", ""A conta salário da Vale Verde é aberta automaticamente?"", ""A conta salário da Vale Verde é aberta automaticamente?""]";0.007965;
C01211;EMP003;Brisa Tecnologia Ltda.;comunicado;whatsapp;vazio;um;"[""Programa de relacionamento por passos""]";3;medido;21;20;0;1;0.952381;0.952381;2;1;0;2;1;0.596802;nao;"[""Quais ações no dia a dia acumulam passos para liberar benefícios no programa da Brisa Tecnologia?"", ""Como é possível acumular benefícios utilizando a conta da Brisa Tecnologia?"", ""Como é possível acumular benefícios utilizando a conta da Brisa Tecnologia?""]";0.008725;
C01865;EMP004;Vale Verde Serviços Ltda.;comunicado;email;ataque_disfarcado;todos;"[""Abertura de conta assistida na empresa"", ""Antecipação do 13º salário"", ""Conta corrente com pacote Folha Essencial"", ""Conta salário"", ""Crédito consignado"", ""Reserva de emergência"", ""Seguro de vida com preço de grupo""]";6;medido;52;50;2;0;0.961538;1.000000;4;2;0;3;0;0.716673;nao;"[""Quais são os benefícios oferecidos pelo banco parceiro da folha de pagamento da Vale Verde Serviços Ltda.?"", ""Quais são os benefícios oferecidos pelo banco parceiro da folha de pagamento da Vale Verde Serviços Ltda.?"", ""Quais são os benefícios oferecidos pelo banco parceiro da folha de pagamento da Vale Verde Serviços Ltda.?""]";0.019177;
C01901;EMP004;Vale Verde Serviços Ltda.;kit_boas_vindas;whatsapp;vazio;todos;"[""Abertura de conta assistida na empresa"", ""Antecipação do 13º salário"", ""Conta corrente com pacote Folha Essencial"", ""Conta salário"", ""Crédito consignado"", ""Reserva de emergência"", ""Seguro de vida com preço de grupo""]";3;medido;26;25;0;1;0.961538;0.961538;2;1;0;2;2;0.713562;nao;"[""Como funciona o recebimento do salário na Vale Verde e quais são os benefícios oferecidos?"", ""Como funciona o recebimento do salário na Vale Verde e quais são os benefícios oferecidos?"", ""Quais são as opções e benefícios oferecidos pela Vale Verde em relação ao salário e conta bancária dos funcionários?""]";0.011056;
C04058;EMP024;Empresa Nacional LTDA;kit_boas_vindas;mural;fora_do_catalogo;um;"[""Cartão de Crédito sem anuidade""]";3;medido;22;17;0;5;0.772727;0.772727;1;2;0;3;2;0.000000;sim;"[""Quais são os benefícios oferecidos pelo banco parceiro da folha de pagamento mencionado e como funciona a anuidade do cartão de crédito?"", ""Quais são os benefícios oferecidos pelo banco parceiro da folha de pagamento mencionado?"", ""Quais são os critérios para obter desconto ou isenção da anuidade do cartão de crédito oferecido pelo banco parceiro da folha de pagamento?""]";0.010242;
C00020;EMP001;Aurora Alimentos Ltda.;faq;email;ataque_disfarcado;um;"[""Conta corrente com pacote Folha Essencial""]";6;medido;28;24;4;0;0.857143;1.000000;3;3;0;3;2;0.785937;nao;"[""Quais são os benefícios do pacote Folha Essencial para funcionários da Aurora Alimentos Ltda.?"", ""Quais são os benefícios do pacote Folha Essencial para funcionários da Aurora Alimentos Ltda.?"", ""Quais são os benefícios do pacote Folha Essencial para funcionários da Aurora Alimentos Ltda.?""]";0.014885;
C00963;EMP003;Brisa Tecnologia Ltda.;comunicado;email;fora_do_catalogo;um;"[""Conta digital""]";3;medido;18;16;0;2;0.888889;0.888889;1;2;0;3;1;0.770172;nao;"[""Quais são os benefícios da conta digital oferecida pela Brisa Tecnologia Ltda. em parceria com o banco parceiro da folha de pagamento?"", ""Quais são os benefícios da conta digital oferecida pela Brisa Tecnologia Ltda. em parceria com o banco parceiro da folha de pagamento?"", ""Quais são os benefícios da conta digital oferecida pela Brisa Tecnologia Ltda. em parceria com o banco parceiro da folha de pagamento?""]";0.009185;
C01216;EMP003;Brisa Tecnologia Ltda.;faq;email;vazio;um;"[""Programa de relacionamento por passos""]";8;medido;33;28;3;2;0.848485;0.939394;4;4;0;3;3;0.658596;nao;"[""Quais são as formas de acumular passos no programa de relacionamento da Brisa Tecnologia Ltda.?"", ""Quais são as formas de acumular passos no programa de relacionamento da Brisa Tecnologia Ltda.?"", ""Quais são as formas de acumular passos no programa de relacionamento da Brisa Tecnologia Ltda.?""]";0.017501;
C01667;EMP004;Vale Verde Serviços Ltda.;lembrete_conta;email;normal;um;"[""Conta salário""]";5;medido;26;22;3;1;0.846154;0.961538;1;4;0;3;0;0.674415;nao;"[""Como funciona a conta salário oferecida pela Vale Verde Serviços Ltda.?"", ""Como funciona a conta salário oferecida pela Vale Verde Serviços Ltda. para seus funcionários?"", ""Como funciona a conta salário oferecida pela Vale Verde Serviços Ltda.?""]";0.013824;
C01535;EMP004;Vale Verde Serviços Ltda.;kit_boas_vindas;email;ataque_disfarcado;um;"[""Antecipação do 13º salário""]";4;medido;22;16;4;2;0.727273;0.909091;0;4;0;3;2;0.650281;nao;"[""Quais são os benefícios oferecidos pela parceria entre a Vale Verde e o banco Santander para a folha de pagamento?"", ""Quais são os benefícios oferecidos pela Vale Verde em parceria com o banco Santander para a folha de pagamento?"", ""Quais são os benefícios oferecidos pela Vale Verde em parceria com o banco Santander para a folha de pagamento?""]";0.012891;
C00313;EMP001;Aurora Alimentos Ltda.;comunicado;whatsapp;fora_do_catalogo;todos;"[""Conta corrente com pacote Folha Essencial"", ""Conta salário"", ""Crédito consignado"", ""Primeiro investimento"", ""Salário antecipado""]";3;medido;23;21;0;2;0.913043;0.913043;1;2;0;4;1;0.617166;nao;"[""Quais são os benefícios oferecidos pela parceria entre a Aurora Alimentos e o banco parceiro da folha?"", ""Quais são os benefícios oferecidos pela parceria entre a Aurora Alimentos e o banco parceiro da folha?"", ""Quais são os benefícios oferecidos pela parceria entre a Aurora Alimentos e o banco parceiro da folha?""]";0.011418;
C02642;EMP006;Atlântico Saúde Ltda.;comunicado;email;normal;um;"[""Conta salário""]";3;medido;13;9;4;0;0.692308;1.000000;0;3;0;2;0;0.660081;nao;"[""Quais são as vantagens da conta salário oferecida pela Atlântico Saúde em parceria com o banco parceiro?"", ""Quais são as vantagens da conta salário oferecida pela Atlântico Saúde em parceria com o banco parceiro?"", ""Quais são as vantagens da conta salário oferecida pela Atlântico Saúde em parceria com o banco parceiro?""]";0.009342;
C01293;EMP003;Brisa Tecnologia Ltda.;kit_boas_vindas;email;fora_do_catalogo;um;"[""Trilha de educação financeira""]";5;medido;27;21;4;2;0.777778;0.925926;2;3;0;2;2;0.681564;nao;"[""Quais são os benefícios disponibilizados pela Brisa Tecnologia Ltda. através do banco parceiro da folha de pagamento?"", ""Quais são os benefícios disponibilizados pelo banco parceiro da folha de pagamento da Brisa Tecnologia Ltda.?"", ""Quais são os benefícios disponibilizados pelo banco parceiro da folha de pagamento da Brisa Tecnologia Ltda.?""]";0.013597;
C02925;EMP006;Atlântico Saúde Ltda.;kit_boas_vindas;whatsapp;ataque_disfarcado;todos;"[""Cartão sem anuidade com condição"", ""Conta corrente para profissionais de saúde"", ""Conta salário"", ""Crédito consignado"", ""Previdência privada"", ""Seguro para o celular""]";2;medido;14;13;0;1;0.928571;0.928571;1;1;0;2;2;0.780463;nao;"[""Quais são os benefícios oferecidos pela Atlântico Saúde Ltda. em parceria com o Santander para os funcionários?"", ""Quais são os benefícios oferecidos pela Atlântico Saúde Ltda. em parceria com o Santander?"", ""Quais são os benefícios oferecidos pela Atlântico Saúde Ltda. em parceria com o Santander?""]";0.008307;
C00156;EMP001;Aurora Alimentos Ltda.;kit_boas_vindas;mural;vazio;um;"[""Crédito consignado""]";4;medido;23;19;3;1;0.826087;0.956522;1;3;0;3;2;0.777634;nao;"[""Quais são as opções de crédito e formas de contato oferecidas pela Aurora Alimentos Ltda. através do banco parceiro da folha de pagamento?"", ""Quais são as opções de crédito e formas de contato oferecidas pela Aurora Alimentos Ltda. através do banco parceiro da folha de pagamento?"", ""Quais são as opções de crédito e formas de contato oferecidas pela Aurora Alimentos Ltda. através do banco parceiro da folha de pagamento?""]";0.012238;
C02810;EMP006;Atlântico Saúde Ltda.;lembrete_conta;email;ataque_disfarcado;um;"[""Previdência privada""]";2;medido;15;12;3;0;0.800000;1.000000;0;2;0;3;1;0.577598;nao;"[""Quais são os benefícios oferecidos pelo banco parceiro da folha de pagamento da Atlântico Saúde Ltda.?"", ""Quais são os benefícios oferecidos pelo banco parceiro da folha de pagamento da Atlântico Saúde Ltda.?"", ""Quais são os benefícios oferecidos pelo banco parceiro da folha de pagamento da Atlântico Saúde Ltda.?""]";0.008292;
C00338;EMP001;Aurora Alimentos Ltda.;kit_boas_vindas;mural;fora_do_catalogo;todos;"[""Conta corrente com pacote Folha Essencial"", ""Conta salário"", ""Crédito consignado"", ""Primeiro investimento"", ""Salário antecipado""]";7;medido;50;41;4;5;0.820000;0.900000;2;5;0;2;2;0.810084;nao;"[""Quais são os benefícios financeiros oferecidos pela Aurora Alimentos Ltda. aos seus colaboradores?"", ""Quais são os benefícios financeiros oferecidos pela Aurora Alimentos Ltda. aos seus funcionários?"", ""Quais são os benefícios financeiros oferecidos pela Aurora Alimentos Ltda. aos seus funcionários?""]";0.023161;
C01367;EMP003;Brisa Tecnologia Ltda.;lembrete_conta;email;normal;todos;"[""Cartão sem anuidade com Pix"", ""Conta digital"", ""Conta salário"", ""Investimentos"", ""Portabilidade de salário"", ""Programa de relacionamento por passos"", ""Trilha de educação financeira""]";6;medido;49;47;2;0;0.959184;1.000000;5;1;0;3;1;0.676107;nao;"[""Quais são os benefícios oferecidos pela Brisa Tecnologia Ltda. em parceria com o Santander para os colaboradores?"", ""Quais são os benefícios oferecidos pela Brisa Tecnologia Ltda. em parceria com o Santander para os funcionários?"", ""Quais são os benefícios oferecidos pela Brisa Tecnologia Ltda. em parceria com o Santander para os funcionários?""]";0.017431;
C02922;EMP006;Atlântico Saúde Ltda.;kit_boas_vindas;whatsapp;normal;todos;"[""Cartão sem anuidade com condição"", ""Conta corrente para profissionais de saúde"", ""Conta salário"", ""Crédito consignado"", ""Previdência privada"", ""Seguro para o celular""]";3;medido;23;21;0;2;0.913043;0.913043;2;1;0;2;2;0.726462;nao;"[""Quais são os benefícios oferecidos pela parceria da Atlântico Saúde Ltda. com o banco parceiro da folha?"", ""Quais são os benefícios oferecidos pela Atlântico Saúde Ltda. em parceria com o banco parceiro da folha?"", ""Quais são os benefícios oferecidos pela Atlântico Saúde Ltda. em parceria com o banco parceiro da folha?""]";0.010305;
C00335;EMP001;Aurora Alimentos Ltda.;kit_boas_vindas;email;ataque_disfarcado;todos;"[""Conta corrente com pacote Folha Essencial"", ""Conta salário"", ""Crédito consignado"", ""Primeiro investimento"", ""Salário antecipado""]";7;medido;41;36;2;3;0.878049;0.926829;3;4;0;5;1;0.760966;nao;"[""Quais são os benefícios oferecidos pela Aurora Alimentos através do banco parceiro da folha para os colaboradores?"", ""Quais são os benefícios oferecidos pela Aurora Alimentos em parceria com o banco da folha de pagamento?"", ""Quais são os benefícios oferecidos pela Aurora Alimentos através do banco parceiro da folha para os colaboradores?""]";0.019811;
C00148;EMP001;Aurora Alimentos Ltda.;faq;whatsapp;fora_do_catalogo;um;"[""Crédito consignado""]";2;medido;14;13;0;1;0.928571;0.928571;1;1;0;3;1;0.698440;nao;"[""Quais são os canais de atendimento para contratar ou tirar dúvidas sobre o crédito consignado da Aurora Alimentos?"", ""Quais são as formas de contratar ou tirar dúvidas sobre o crédito consignado da Aurora Alimentos?"", ""Quais são os canais de atendimento para contratar ou tirar dúvidas sobre o crédito consignado da Aurora Alimentos?""]";0.007592;
C01527;EMP004;Vale Verde Serviços Ltda.;faq;whatsapp;normal;um;"[""Antecipação do 13º salário""]";1;medido;9;9;0;0;1.000000;1.000000;1;0;0;3;2;0.697778;nao;"[""Como funciona a antecipação do 13º salário no FAQ Vale Verde?"", ""Como funciona a antecipação do 13º salário no FAQ Vale Verde?"", ""Como funciona a antecipação do 13º salário no FAQ Vale Verde?""]";0.004832;
C01222;EMP003;Brisa Tecnologia Ltda.;faq;mural;normal;um;"[""Programa de relacionamento por passos""]";7;medido;36;33;1;2;0.916667;0.944444;5;2;0;4;3;0.543936;nao;"[""Quais são as formas de acumular passos no programa de relacionamento da Brisa Tecnologia Ltda.?"", ""Quais são as formas de acumular passos no programa de relacionamento da Brisa Tecnologia Ltda.?"", ""Quais são as formas de acumular passos no programa de relacionamento da Brisa Tecnologia Ltda.?""]";0.015677;
C01350;EMP003;Brisa Tecnologia Ltda.;faq;whatsapp;ataque_disfarcado;todos;"[""Cartão sem anuidade com Pix"", ""Conta digital"", ""Conta salário"", ""Investimentos"", ""Portabilidade de salário"", ""Programa de relacionamento por passos"", ""Trilha de educação financeira""]";2;medido;18;18;0;0;1.000000;1.000000;2;0;0;2;2;0.691089;nao;"[""Quais são os benefícios extras oferecidos para o time Brisa com a conta digital Santander?"", ""Quais são os benefícios e condições da conta salário e digital oferecida pela Brisa em parceria com o Santander?"", ""Quais são os benefícios extras oferecidos para o time Brisa com a conta digital Santander?""]";0.007906;
C02241;EMP005;Prisma Comércio Ltda.;faq;mural;vazio;um;"[""Pontos de boas-vindas""]";8;medido;37;32;1;4;0.864865;0.891892;4;4;0;3;1;0.425153;nao;"[""Quais são os passos necessários para receber os 5.000 pontos de boas-vindas no programa de pontos?"", ""Quais são os três passos necessários para receber os pontos de boas-vindas no programa de pontos?"", ""Quais são os três passos necessários para receber os pontos de boas-vindas no programa de pontos?""]";0.018394;
C00151;EMP001;Aurora Alimentos Ltda.;kit_boas_vindas;email;vazio;um;"[""Crédito consignado""]";3;medido;17;10;3;4;0.588235;0.764706;0;3;0;3;2;0.814389;nao;"[""Quais são os benefícios oferecidos pelo banco parceiro da folha de pagamento da Aurora Alimentos Ltda.?"", ""Quais são os benefícios oferecidos pelo banco parceiro da Aurora Alimentos Ltda. aos funcionários?"", ""Quais são os benefícios financeiros oferecidos pela Aurora Alimentos Ltda. através do banco parceiro da folha de pagamento?""]";0.010679;
C00111;EMP001;Aurora Alimentos Ltda.;lembrete_conta;mural;vazio;um;"[""Conta salário""]";2;medido;9;9;0;0;1.000000;1.000000;2;0;0;2;0;0.663360;nao;"[""Como é feito o pagamento do salário dos funcionários da Aurora Alimentos Ltda.?"", ""Como é feito o pagamento do salário para os funcionários da Aurora Alimentos Ltda.?"", ""Como é feito o pagamento do salário para os funcionários da Aurora Alimentos Ltda.?""]";0.005283;
C02911;EMP006;Atlântico Saúde Ltda.;kit_boas_vindas;email;vazio;todos;"[""Cartão sem anuidade com condição"", ""Conta corrente para profissionais de saúde"", ""Conta salário"", ""Crédito consignado"", ""Previdência privada"", ""Seguro para o celular""]";7;medido;57;48;5;4;0.842105;0.929825;3;4;0;3;2;0.771229;nao;"[""Quais são os benefícios oferecidos pelo banco parceiro da Atlântico Saúde para os colaboradores?"", ""Quais são os benefícios oferecidos pelo banco parceiro da folha de pagamento da Atlântico Saúde Ltda. para os novos colaboradores?"", ""Quais são os benefícios oferecidos pelo banco parceiro da Atlântico Saúde para os colaboradores?""]";0.023756;
C02926;EMP006;Atlântico Saúde Ltda.;lembrete_conta;email;vazio;todos;"[""Cartão sem anuidade com condição"", ""Conta corrente para profissionais de saúde"", ""Conta salário"", ""Crédito consignado"", ""Previdência privada"", ""Seguro para o celular""]";4;medido;36;31;4;1;0.861111;0.972222;1;3;0;2;1;0.732973;nao;"[""Quais são os benefícios oferecidos pela Atlântico Saúde Ltda. aos seus funcionários em relação à conta salário e outros produtos financeiros?"", ""Quais são os benefícios oferecidos pela Atlântico Saúde Ltda. para seus colaboradores em relação à conta salário e outros produtos financeiros?"", ""Quais são os benefícios oferecidos pela Atlântico Saúde Ltda. aos seus funcionários em relação à conta salário e outros produtos financeiros?""]";0.016445;
C02418;EMP005;Prisma Comércio Ltda.;faq;email;fora_do_catalogo;todos;"[""Antecipação do 13º salário"", ""Cartão de crédito"", ""Conta corrente com pacote Folha Plus"", ""Conta salário"", ""Pontos de boas-vindas"", ""Portabilidade de salário"", ""Programa de pontos e descontos""]";7;medido;61;56;3;2;0.918033;0.967213;4;3;0;3;2;0.650067;nao;"[""Quais são os benefícios oferecidos pelo banco parceiro da folha da Prisma Comércio Ltda. para os funcionários?"", ""Quais são os benefícios oferecidos pelo banco parceiro da folha da Prisma Comércio Ltda?"", ""Quais são os benefícios oferecidos pelo banco parceiro da folha da Prisma Comércio Ltda.?""]";0.022984;
C02932;EMP006;Atlântico Saúde Ltda.;lembrete_conta;mural;normal;todos;"[""Cartão sem anuidade com condição"", ""Conta corrente para profissionais de saúde"", ""Conta salário"", ""Crédito consignado"", ""Previdência privada"", ""Seguro para o celular""]";4;medido;27;27;0;0;1.000000;1.000000;4;0;0;3;1;0.670580;nao;"[""Quais são os benefícios oferecidos pela Atlântico Saúde Ltda. para seus colaboradores?"", ""Quais são os benefícios oferecidos pela Atlântico Saúde Ltda. para seus colaboradores?"", ""Quais são os benefícios oferecidos pela Atlântico Saúde Ltda. para seus colaboradores?""]";0.011274;
C01578;EMP004;Vale Verde Serviços Ltda.;faq;email;fora_do_catalogo;um;"[""Conta corrente com pacote Folha Essencial""]";6;medido;33;28;1;4;0.848485;0.878788;3;3;0;4;1;0.456224;nao;"[""O que é o pacote Folha Essencial oferecido pela Vale Verde Serviços Ltda. em parceria com o banco?"", ""Quais são as condições para isenção de tarifa no pacote Folha Essencial?"", ""Quais são as condições para isenção de tarifa no pacote Folha Essencial?""]";0.015518;
C01908;EMP004;Vale Verde Serviços Ltda.;lembrete_conta;email;fora_do_catalogo;todos;"[""Abertura de conta assistida na empresa"", ""Antecipação do 13º salário"", ""Conta corrente com pacote Folha Essencial"", ""Conta salário"", ""Crédito consignado"", ""Reserva de emergência"", ""Seguro de vida com preço de grupo""]";5;medido;47;41;5;1;0.872340;0.978723;2;3;0;2;1;0.662204;nao;"[""Quais são os benefícios oferecidos pela Vale Verde em parceria com o banco parceiro da folha de pagamento?"", ""Quais são os benefícios oferecidos pela Vale Verde em parceria com o banco parceiro da folha de pagamento?"", ""Quais são os benefícios oferecidos pela Vale Verde aos seus funcionários em parceria com o banco parceiro da folha de pagamento?""]";0.018729;
C01371;EMP003;Brisa Tecnologia Ltda.;lembrete_conta;mural;vazio;todos;"[""Cartão sem anuidade com Pix"", ""Conta digital"", ""Conta salário"", ""Investimentos"", ""Portabilidade de salário"", ""Programa de relacionamento por passos"", ""Trilha de educação financeira""]";7;medido;40;35;4;1;0.875000;0.975000;5;2;0;3;1;0.693393;nao;"[""Quais são os benefícios oferecidos pela parceria entre a Brisa Tecnologia Ltda. e o Santander para os funcionários?"", ""Quais são os benefícios oferecidos pela parceria entre a Brisa Tecnologia Ltda. e o Santander para os funcionários?"", ""Quais são os benefícios oferecidos pela parceria entre a Brisa Tecnologia Ltda. e o Santander para os colaboradores?""]";0.018498;
C00303;EMP001;Aurora Alimentos Ltda.;comunicado;email;fora_do_catalogo;todos;"[""Conta corrente com pacote Folha Essencial"", ""Conta salário"", ""Crédito consignado"", ""Primeiro investimento"", ""Salário antecipado""]";6;medido;36;31;3;2;0.861111;0.944444;2;4;0;2;1;0.738457;nao;"[""Quais são os benefícios oferecidos pelo banco parceiro da folha de pagamento da Aurora Alimentos?"", ""Quais são os benefícios oferecidos pelo banco parceiro da folha de pagamento da Aurora Alimentos?"", ""Quais são os benefícios oferecidos pelo banco parceiro da folha de pagamento da Aurora Alimentos?""]";0.018264;
C00235;EMP001;Aurora Alimentos Ltda.;lembrete_conta;mural;ataque_disfarcado;um;"[""Primeiro investimento""]";3;medido;11;8;2;1;0.727273;0.909091;1;2;0;2;2;0.586864;nao;"[""Quais são os benefícios oferecidos pela Aurora Alimentos para seus colaboradores?"", ""Quais são os benefícios oferecidos pela Aurora Alimentos para seus colaboradores?"", ""Quais são os benefícios oferecidos pela Aurora Alimentos para seus colaboradores?""]";0.008288;
C02525;EMP006;Atlântico Saúde Ltda.;comunicado;email;ataque_disfarcado;um;"[""Cartão sem anuidade com condição""]";3;medido;11;11;0;0;1.000000;1.000000;3;0;0;3;0;0.741007;nao;"[""Quais são as condições para não pagar anuidade no cartão de crédito oferecido pela Atlântico Saúde?"", ""Quais são as condições para não pagar anuidade no cartão de crédito oferecido pela Atlântico Saúde?"", ""Quais são as condições para não pagar anuidade no cartão de crédito oferecido pela Atlântico Saúde?""]";0.007000;
C01065;EMP003;Brisa Tecnologia Ltda.;kit_boas_vindas;whatsapp;ataque_disfarcado;um;"[""Conta salário""]";3;medido;15;13;1;1;0.866667;0.933333;1;2;0;2;1;0.748165;nao;"[""Como é feito o pagamento do salário para novos colaboradores da Brisa Tecnologia Ltda.?"", ""Quais são as opções de contato para dúvidas sobre os benefícios da Brisa Tecnologia Ltda.?"", ""Como é feito o pagamento do salário de um novo colaborador na Brisa Tecnologia Ltda.?""]";0.008898;
C02588;EMP006;Atlântico Saúde Ltda.;comunicado;mural;fora_do_catalogo;um;"[""Conta corrente para profissionais de saúde""]";3;medido;17;17;0;0;1.000000;1.000000;3;0;0;4;1;0.816326;nao;"[""Quais são os benefícios da conta corrente oferecida pela parceria entre a Atlântico Saúde Ltda. e o banco parceiro da folha para os profissionais da saúde?"", ""Quais são os benefícios da conta corrente oferecida pela parceria entre a Atlântico Saúde Ltda. e o banco parceiro da folha para os profissionais da saúde?"", ""Quais são os benefícios da conta corrente oferecida pela parceria entre a Atlântico Saúde Ltda. e o banco parceiro da folha para os profissionais de saúde?""]";0.007567;
C02881;EMP006;Atlântico Saúde Ltda.;comunicado;email;vazio;todos;"[""Cartão sem anuidade com condição"", ""Conta corrente para profissionais de saúde"", ""Conta salário"", ""Crédito consignado"", ""Previdência privada"", ""Seguro para o celular""]";7;medido;55;47;4;4;0.854545;0.927273;4;3;0;3;0;0.748701;nao;"[""Quais são os benefícios oferecidos pelo banco parceiro da folha de pagamento da Atlântico Saúde Ltda. para seus colaboradores?"", ""Quais são os benefícios oferecidos pelo banco parceiro da folha de pagamento da Atlântico Saúde Ltda. para seus colaboradores?"", ""Quais são os benefícios oferecidos pelo banco parceiro da folha de pagamento da Atlântico Saúde Ltda. para seus colaboradores?""]";0.022944;
C01888;EMP004;Vale Verde Serviços Ltda.;faq;whatsapp;fora_do_catalogo;todos;"[""Abertura de conta assistida na empresa"", ""Antecipação do 13º salário"", ""Conta corrente com pacote Folha Essencial"", ""Conta salário"", ""Crédito consignado"", ""Reserva de emergência"", ""Seguro de vida com preço de grupo""]";2;medido;17;17;0;0;1.000000;1.000000;2;0;0;3;3;0.594076;nao;"[""Quais são as dúvidas mais comuns respondidas no FAQ da Vale Verde em relação ao Santander?"", ""Quais são as dúvidas mais comuns sobre a conta salário da Vale Verde em parceria com o Santander?"", ""Quais são os procedimentos para abrir a conta salário e conta corrente com a parceria Vale Verde e Santander?""]";0.006997;
C02892;EMP006;Atlântico Saúde Ltda.;comunicado;whatsapp;normal;todos;"[""Cartão sem anuidade com condição"", ""Conta corrente para profissionais de saúde"", ""Conta salário"", ""Crédito consignado"", ""Previdência privada"", ""Seguro para o celular""]";2;medido;11;11;0;0;1.000000;1.000000;2;0;0;2;0;0.670294;nao;"[""Quais são os benefícios da conta salário oferecida pela Atlântico Saúde em parceria com o banco?"", ""Quais são os benefícios oferecidos pela parceria da Atlântico Saúde Ltda. com o banco parceiro da folha?"", ""Quais são os benefícios oferecidos pela Atlântico Saúde em parceria com o banco parceiro da folha de pagamento?""]";0.006527;
C02882;EMP006;Atlântico Saúde Ltda.;comunicado;email;normal;todos;"[""Cartão sem anuidade com condição"", ""Conta corrente para profissionais de saúde"", ""Conta salário"", ""Crédito consignado"", ""Previdência privada"", ""Seguro para o celular""]";5;medido;58;52;3;3;0.896552;0.948276;2;3;0;3;1;0.672958;nao;"[""Quais são os benefícios disponíveis para os funcionários da Atlântico Saúde com a parceria do Santander?"", ""Quais são os benefícios disponíveis para os funcionários da Atlântico Saúde com a parceria do Santander?"", ""Quais são os benefícios disponíveis para os funcionários da Atlântico Saúde com a parceria do Santander?""]";0.020896;
C01868;EMP004;Vale Verde Serviços Ltda.;comunicado;mural;fora_do_catalogo;todos;"[""Abertura de conta assistida na empresa"", ""Antecipação do 13º salário"", ""Conta corrente com pacote Folha Essencial"", ""Conta salário"", ""Crédito consignado"", ""Reserva de emergência"", ""Seguro de vida com preço de grupo""]";7;medido;41;38;1;2;0.926829;0.951220;5;2;0;2;1;0.658475;nao;"[""Quais são os benefícios financeiros oferecidos pela Vale Verde em parceria com o banco?"", ""Quais são os benefícios financeiros oferecidos pela Vale Verde em parceria com o banco parceiro da folha de pagamento?"", ""Quais são os benefícios financeiros oferecidos pela Vale Verde em parceria com o banco?""]";0.017780;
C01378;EMP003;Brisa Tecnologia Ltda.;lembrete_conta;whatsapp;fora_do_catalogo;todos;"[""Cartão sem anuidade com Pix"", ""Conta digital"", ""Conta salário"", ""Investimentos"", ""Portabilidade de salário"", ""Programa de relacionamento por passos"", ""Trilha de educação financeira""]";3;medido;28;23;3;2;0.821429;0.928571;0;3;0;3;2;0.504130;nao;"[""Quais são os benefícios oferecidos pela conta salário no Santander para os colaboradores da Brisa?"", ""Quais são os benefícios oferecidos pela conta salário no Santander para os funcionários da Brisa?"", ""Quais são os benefícios oferecidos pela conta salário no Santander para os colaboradores da Brisa?""]";0.014390;
C00721;EMP002;Horizonte Logística Ltda.;comunicado;email;vazio;um;"[""Seguro para o celular""]";4;medido;19;18;0;1;0.947368;0.947368;3;1;0;3;0;0.862496;nao;"[""Qual é o benefício oferecido pela Horizonte Logística Ltda. para proteção de celulares dos funcionários?"", ""Qual é o benefício oferecido pela Horizonte Logística Ltda. para proteção de celulares dos funcionários?"", ""Qual é o benefício oferecido pela Horizonte Logística Ltda. para proteção de celulares dos funcionários?""]";0.009630;
C01910;EMP004;Vale Verde Serviços Ltda.;lembrete_conta;email;ataque_disfarcado;todos;"[""Abertura de conta assistida na empresa"", ""Antecipação do 13º salário"", ""Conta corrente com pacote Folha Essencial"", ""Conta salário"", ""Crédito consignado"", ""Reserva de emergência"", ""Seguro de vida com preço de grupo""]";5;medido;32;31;1;0;0.968750;1.000000;4;1;0;2;1;0.628354;nao;"[""Quais são os benefícios oferecidos pela Vale Verde em parceria com o banco para a folha de pagamento?"", ""Quais são os benefícios oferecidos pela Vale Verde em parceria com o banco para a folha de pagamento?"", ""Quais são os benefícios oferecidos pela Vale Verde em parceria com o banco para a folha de pagamento?""]";0.013090;
C02411;EMP005;Prisma Comércio Ltda.;comunicado;whatsapp;vazio;todos;"[""Antecipação do 13º salário"", ""Cartão de crédito"", ""Conta corrente com pacote Folha Plus"", ""Conta salário"", ""Pontos de boas-vindas"", ""Portabilidade de salário"", ""Programa de pontos e descontos""]";3;medido;24;23;1;0;0.958333;1.000000;2;1;0;2;1;0.578375;nao;"[""Quais são os benefícios oferecidos pela Prisma Comércio Ltda. em parceria com o banco para os colaboradores?"", ""Quais são os benefícios oferecidos pela Prisma Comércio Ltda. em parceria com o banco parceiro da folha?"", ""Quais são os benefícios oferecidos pela Prisma Comércio Ltda. em parceria com o banco parceiro da folha?""]";0.010778;
C00336;EMP001;Aurora Alimentos Ltda.;kit_boas_vindas;mural;vazio;todos;"[""Conta corrente com pacote Folha Essencial"", ""Conta salário"", ""Crédito consignado"", ""Primeiro investimento"", ""Salário antecipado""]";7;medido;50;43;1;6;0.860000;0.880000;2;5;0;3;2;0.724377;nao;"[""Quais são os benefícios e serviços oferecidos pela Aurora Alimentos Ltda. através do banco parceiro da folha?"", ""Quais são os benefícios e serviços oferecidos pela Aurora Alimentos Ltda. através do banco parceiro da folha?"", ""Quais são os benefícios e serviços oferecidos pela Aurora Alimentos Ltda. através do banco parceiro da folha?""]";0.022472;
C01892;EMP004;Vale Verde Serviços Ltda.;kit_boas_vindas;email;normal;todos;"[""Abertura de conta assistida na empresa"", ""Antecipação do 13º salário"", ""Conta corrente com pacote Folha Essencial"", ""Conta salário"", ""Crédito consignado"", ""Reserva de emergência"", ""Seguro de vida com preço de grupo""]";6;medido;57;55;0;2;0.964912;0.964912;4;2;0;4;1;0.787548;nao;"[""Quais são os benefícios e características da conta salário e da conta corrente oferecidas pela Vale Verde aos seus funcionários?"", ""Quais são os benefícios e características da conta salário e da conta corrente oferecidas pela Vale Verde aos seus funcionários?"", ""Quais são os benefícios e características da conta salário e da conta corrente oferecidas pela Vale Verde aos seus funcionários?""]";0.020203;
C00648;EMP002;Horizonte Logística Ltda.;lembrete_conta;email;fora_do_catalogo;um;"[""Programa de pontos e descontos""]";5;medido;31;26;3;2;0.838710;0.935484;1;4;0;3;0;0.582387;nao;"[""Quais são os benefícios oferecidos pelo banco parceiro da folha de pagamento da Horizonte Logística Ltda.?"", ""Quais são os benefícios oferecidos pelo banco parceiro da folha de pagamento da Horizonte Logística Ltda.?"", ""Quais são os benefícios oferecidos pelo banco parceiro da folha de pagamento da Horizonte Logística Ltda.?""]";0.015225;
C02443;EMP005;Prisma Comércio Ltda.;kit_boas_vindas;whatsapp;fora_do_catalogo;todos;"[""Antecipação do 13º salário"", ""Cartão de crédito"", ""Conta corrente com pacote Folha Plus"", ""Conta salário"", ""Pontos de boas-vindas"", ""Portabilidade de salário"", ""Programa de pontos e descontos""]";2;medido;18;15;2;1;0.833333;0.944444;0;2;0;2;2;0.748176;nao;"[""Quais são os benefícios oferecidos pela Prisma Comércio Ltda. em parceria com o Santander para os novos funcionários?"", ""Quais são os benefícios oferecidos pela Prisma Comércio Ltda. em parceria com o Santander para os novos funcionários?"", ""Quais são os benefícios oferecidos pela Prisma Comércio Ltda. em parceria com o Santander para novos colaboradores?""]";0.010273;
C01690;EMP004;Vale Verde Serviços Ltda.;comunicado;mural;ataque_disfarcado;um;"[""Crédito consignado""]";4;medido;28;26;1;1;0.928571;0.964286;3;1;0;2;0;0.729575;nao;"[""Quais são as condições e formas de contratação do crédito consignado oferecido pela Vale Verde Serviços Ltda.?"", ""Quais são as condições e formas de contratação do crédito consignado oferecido pela Vale Verde Serviços Ltda.?"", ""Quais são as condições e formas de contratação do crédito consignado oferecido pela Vale Verde Serviços Ltda.?""]";0.011385;
C00813;EMP002;Horizonte Logística Ltda.;kit_boas_vindas;email;fora_do_catalogo;todos;"[""Adiantamento salarial"", ""Conta corrente com pacote Folha Plus"", ""Conta salário"", ""Programa de pontos e descontos"", ""Seguro de vida em grupo"", ""Seguro para o celular""]";6;medido;54;44;8;2;0.814815;0.962963;2;4;0;4;3;0.836437;nao;"[""Quais são os benefícios oferecidos pela Horizonte Logística Ltda. em parceria com o Santander para os funcionários?"", ""Quais são os benefícios oferecidos pela Horizonte Logística Ltda. em parceria com o Santander para os funcionários?"", ""Quais são os benefícios oferecidos pela parceria entre a Horizonte Logística Ltda. e o Santander para os funcionários?""]";0.023060;
C00163;EMP001;Aurora Alimentos Ltda.;kit_boas_vindas;whatsapp;fora_do_catalogo;um;"[""Crédito consignado""]";3;medido;19;16;3;0;0.842105;1.000000;1;2;0;1;1;0.814122;nao;"[""Quais são as condições e formas de contratação do crédito consignado oferecido pela Aurora Alimentos Ltda. aos seus funcionários?"", ""Quais são as condições e formas de contratação do crédito consignado oferecido pela Aurora Alimentos Ltda. aos seus funcionários?"", ""Quais são as condições e canais para contratar o crédito consignado oferecido pela Aurora Alimentos Ltda.?""]";0.009754;
C00462;EMP002;Horizonte Logística Ltda.;kit_boas_vindas;whatsapp;normal;um;"[""Adiantamento salarial""]";3;medido;16;14;2;0;0.875000;1.000000;2;1;0;2;1;0.645682;nao;"[""Qual é o banco parceiro da folha de pagamento da Horizonte Logística Ltda. e quais benefícios são mencionados na resposta?"", ""Qual é o banco parceiro da folha de pagamento da Horizonte Logística Ltda. e quais benefícios são oferecidos aos funcionários?"", ""Qual é o banco parceiro da folha de pagamento da Horizonte Logística Ltda. e quais benefícios são oferecidos aos funcionários?""]";0.008616;
C01346;EMP003;Brisa Tecnologia Ltda.;faq;whatsapp;vazio;todos;"[""Cartão sem anuidade com Pix"", ""Conta digital"", ""Conta salário"", ""Investimentos"", ""Portabilidade de salário"", ""Programa de relacionamento por passos"", ""Trilha de educação financeira""]";2;medido;10;9;0;1;0.900000;0.900000;1;1;0;3;3;0.294350;nao;"[""Quais são as informações sobre a conta salário e a transferência de salário para outro banco?"", ""Quais são as informações fornecidas sobre a conta salário e a transferência de salário para outro banco?"", ""Quais são as informações sobre a conta salário e a transferência de salário para outro banco?""]";0.007274;
